Activity Score,When,Type,Gear,Name,Dist mi,Elv ft,Elapsed Time,Moving Time,Speed mph,Max Speed mph,Pace /mi,Max Pace /mi,Pace /100yds,Max Pace /100yds,Pwr W,Weighted Avg Pwr W,Max Pwr W,Power Meter,Cad,Heart,Max Heart,Elev/Dist ft/mi,Elev/Time ft/h,W/HR,Temp Â°C,Cal,Energy kJ,Segs,PRs,Others,Kudos,Comments,Com,Trn,Man,Pri,Dist away mi,Activity Score 25%,Segment PRs (K/QOM positions),All segments (personal positions),Ride/Run Type,400m,1 km,5 km,10 km,15 km,20 km,30 km,50 km,1/2 Mile,1 mile,2 mile,10 mile,Half Marathon,Marathon,Suffer Score,Points in red,% in red,H/R Zone 1,H/R Zone 2,H/R Zone 3,H/R Zone 4,H/R Zone 5,Power 0W,Power 0-50W,Power 50-100W,Power 100-150W,Power 150-200W,Power 200-250W,Power 250-300W,Power 300-350W,Power 350-400W,Power 400-450W,Power 450W+,Pace Zone 1,Pace Zone 2,Pace Zone 3,Pace Zone 4,Pace Zone 5,Flagged,Description,City,State,Activity Id
50,11/20/2016 7:00,Run,Saucony Fastwitch Reds,Oh My God So Freakin Windy Philly Marathon,43119.2,136,11443,11234,3.8383,10.1,419.234112,159.3411494,23.82012,9.0534744,0,0,,0,93.1,151.1,200,3.15,43.6,0,,4226.9,0,17,17,118,3,0,0,0,0,0,-1,50,,,Race,78,215,1159,2371,3650,4888,7536,,170,360,751,3933,5157,11207,0,0,0,0,0,0,0,0,0,0,0,0,0,0,0,0,0,0,,0,0,0,0,0,0,,,,780935487
0,11/19/2016 16:48,Run,Hoka One One Clifton Reds,Recovery Run,4832,37.3,1571,1515,3.1894,3.8,504.529344,423.514967,28.66644,24.0633504,0,0,,0,87.6,123.8,144,7.72,88.6,0,,473.6,0,0,0,1,0,0,0,0,0,0,-1,0,,,,116,303,,,,,,,241,495,1036,,,,0,0,0,0,0,0,0,0,0,0,0,0,0,0,0,0,0,0,,0,0,0,0,0,0,,,,780934297
0,11/18/2016 17:22,Run,Hoka One One Clifton Reds,Recovery Run,8050.4,64.8,2616,2530,3.182,4.2,505.8168192,383.1848064,28.739592,21.771864,0,0,,0,87.3,132.7,148,8.05,92.2,0,,789.3,0,0,0,1,0,0,0,0,0,0,-1,0,,,,114,286,1633,,,,,,230,466,981,,,,0,0,0,0,0,0,0,0,0,0,0,0,0,0,0,0,0,0,,0,0,0,0,0,0,6*100m strides,,,779226144
0,11/17/2016 6:01,Run,Hoka One One Clifton Reds,GA Run,11270.1,50.8,3159,3042,3.7048,5.5,434.3619456,292.6109261,24.679656,16.6256208,0,0,,0,92.8,144.9,194,4.51,60.1,0,,1103.5,0,0,0,1,0,0,0,0,0,0,-1,0,,,,94,253,1367,2792,,,,,202,412,842,,,,0,0,0,0,0,0,0,0,0,0,0,0,0,0,0,0,0,0,,0,0,0,0,0,0,,,,777917114
0,11/16/2016 12:07,Run,Hoka One One Clifton Reds,Recovery Run,8058,36.8,2404,2328,3.4613,4.5,464.9394816,357.6284237,26.417016,20.3197968,0,0,,0,90.2,134.6,164,4.57,56.9,0,,790.1,0,0,0,1,0,0,0,0,0,0,-1,0,,,,107,282,1468,,,,,,223,452,935,,,,0,0,0,0,0,0,0,0,0,0,0,0,0,0,0,0,0,0,,0,0,0,0,0,0,,,,777267101
0,11/15/2016 5:55,Run,Saucony Fastwitch Reds,GA Run,12880.4,91.3,3638,3494,3.6864,5.6,436.6150272,287.3805581,24.807672,16.3284408,0,0,,0,93.5,144.8,162,7.09,94.1,0,,1266,0,0,0,1,0,0,0,0,0,0,-1,0,,,,94,244,1315,2767,,,,,195,400,802,,,,0,0,0,0,0,0,0,0,0,0,0,0,0,0,0,0,0,0,,0,0,0,0,0,0,2 mi @ MP (3-4),,,776017804
0,11/14/2016 17:11,Run,Brooks Ghost Red/Black,Recovery Run,3316.3,0,1046,1046,3.1705,3.8,507.5870976,423.514967,28.840176,24.0633504,0,0,,0,85.6,69.5,118,0,0,0,,323.4,0,0,0,1,0,0,0,1,0,0,-1,0,,,,,,,,,,,,,,,,,,0,0,0,0,0,0,0,0,0,0,0,0,0,0,0,0,0,0,,0,0,0,0,0,0,,,,775641778
85.65705128,11/13/2016 10:42,Run,Brooks Ghost Red/Black,ML Run,19316.6,141.7,5734,5086,3.798,4.9,423.7402752,328.4349235,24.076152,18.6610752,0,0,,0,93.6,145.6,157,7.34,100.3,0,,1899.8,0,4,0,1,0,0,0,0,0,0,-1,90.38461538,,,,95,249,1399,2960,4495,,,,199,410,884,4811,,,0,0,0,0,0,0,0,0,0,0,0,0,0,0,0,0,0,0,,0,0,0,0,0,0,,,,774553806
0,11/12/2016 12:47,Run,Saucony Fastwitch Reds,GA Run,11270.4,50.6,3215,2994,3.7643,4.8,427.6027008,335.2746355,24.295608,19.0496952,0,0,,0,92.5,144.2,154,4.49,60.8,0,,1103.4,0,0,0,1,0,0,0,0,0,0,-1,0,,,,99,252,1361,2867,,,,,200,409,841,,,,0,0,0,0,0,0,0,0,0,0,0,0,0,0,0,0,0,0,,0,0,0,0,0,0,8*100m strides,,,773462012
62.75720165,11/11/2016 5:55,Run,Hoka One One Clifton Reds,VO2 Run,12891.6,75,3841,3439,3.7486,5.4,429.3729792,298.0344154,24.396192,16.9337736,0,0,,0,93.2,148.5,167,5.82,78.5,0,,1266.5,0,9,0,1,0,0,0,0,0,0,-1,86.11111111,,,,85,216,1391,2960,,,,,173,354,788,,,,0,0,0,0,0,0,0,0,0,0,0,0,0,0,0,0,0,0,,0,0,0,0,0,0,"2.5 mi WU, 3*1600m @ 5k, 2 mi CD",,,772172603
0,11/10/2016 17:15,Run,Hoka One One Clifton Reds,Recovery Run,8053.3,0,2896,2896,2.7808,4.1,578.7201024,392.5190016,32.881824,22.302216,0,0,,0,88.4,113.6,138,0,0,0,,785.4,0,0,0,1,0,0,0,1,0,0,-1,0,,,,,,,,,,,,,,,,,,0,0,0,0,0,0,0,0,0,0,0,0,0,0,0,0,0,0,,0,0,0,0,0,0,,,,772172120
0,11/9/2016 16:32,Run,Brooks Ghost Red/Black,Recovery Run,9662.8,45.4,3009,2730,3.5395,5,454.63968,321.8688,25.8318,18.288,0,0,,0,87.7,135.1,160,4.7,59.9,0,,947.2,0,0,0,1,0,0,0,0,0,0,-1,0,,,,99,262,1510,,,,,,210,430,941,,,,0,0,0,0,0,0,0,0,0,0,0,0,0,0,0,0,0,0,,0,0,0,0,0,0,fast but HR was low?,,,770952070
0,11/8/2016 16:48,Run,Brooks Ghost Red/Black,GA Run,11269.3,79.1,3403,3137,3.5924,5.1,448.0413696,315.5601715,25.456896,17.9295552,0,0,,0,84.7,140.2,154,7.02,90.8,0,,1107.7,0,0,0,1,0,0,0,0,0,0,-1,0,,,,101,259,1402,2955,,,,,207,425,891,,,,0,0,0,0,0,0,0,0,0,0,0,0,0,0,0,0,0,0,,0,0,0,0,0,0,10*100m strides,,,770096239
0,11/7/2016 16:56,Run,Brooks Ghost Red/Black,Recovery Run,6444.3,0,2106,2106,3.06,4,525.9336192,402.336,29.882592,22.86,0,0,,0,88.2,117.3,139,0,0,0,,628.5,0,0,0,1,0,0,0,1,0,0,-1,0,,,,,,,,,,,,,,,,,,0,0,0,0,0,0,0,0,0,0,0,0,0,0,0,0,0,0,,0,0,0,0,0,0,,,,769129792
75.16025641,11/6/2016 10:01,Run,Hoka One One Clifton Reds,Long Run,27369.9,170.3,8363,7147,3.8296,5.4,420.1997184,298.0344154,23.874984,16.9337736,0,0,,0,75.3,149.4,198,6.22,85.8,0,,2685.5,0,4,0,1,0,0,0,0,0,0,-1,92.30769231,,,Long Run,88,241,1374,2903,4449,6073,,,192,390,861,4864,6384,,0,0,0,0,0,0,0,0,0,0,0,0,0,0,0,0,0,0,,0,0,0,0,0,0,,,,767953656
47.22222222,11/5/2016 10:19,Run,"ASICS dunno Black, Yellow, Red",10k Tune Up Run,14492.6,47.3,4116,3727,3.8885,5.4,413.9232768,298.0344154,23.518368,16.9337736,0,0,,0,93.8,150.3,189,3.26,45.7,0,,1422.1,0,3,1,1,0,0,0,0,0,0,-1,66.66666667,,,Workout,87,221,1208,2655,,,,,176,360,760,,,,0,0,0,0,0,0,0,0,0,0,0,0,0,0,0,0,0,0,,0,0,0,0,0,0,"0.5mi WU, 2.25 mi CD",,,767952709
0,11/4/2016 18:03,Run,Hoka One One Clifton Reds,Recovery Run,10471.6,85.7,3239,3068,3.4132,4.3,471.537792,374.2690406,26.79192,21.2652864,0,0,,0,86.8,137.9,173,8.18,100.6,0,,1027.6,0,0,0,1,0,0,0,0,0,0,-1,0,,,,107,278,1481,3092,,,,,221,449,914,,,,0,0,0,0,0,0,0,0,0,0,0,0,0,0,0,0,0,0,,0,0,0,0,0,0,8*100m strides,,,765973548
0,11/3/2016 16:55,Run,Hoka One One Clifton Reds,Recovery Run,10488.5,58.3,3596,3053,3.4355,4.2,468.4800384,383.1848064,26.618184,21.771864,0,0,,0,83.5,136.2,149,5.56,68.7,0,,1030.8,0,0,0,1,0,0,0,0,0,0,-1,0,,,,107,287,1665,3413,,,,,226,470,979,,,,0,0,0,0,0,0,0,0,0,0,0,0,0,0,0,0,0,0,,0,0,0,0,0,0,,,,765065923
51.35225885,11/2/2016 5:11,Run,Brooks Ghost Red/Black,ML Run,22541.3,131.8,6917,6409,3.5171,4.3,457.5364992,374.2690406,25.996392,21.2652864,0,0,,0,83.9,143.3,192,5.85,74,0,,2212.6,0,5,0,1,0,0,0,0,0,0,-1,75,,,,102,264,1375,2920,4432,6083,,,211,430,866,4809,6406,,0,0,0,0,0,0,0,0,0,0,0,0,0,0,0,0,0,0,,0,0,0,0,0,0,,,,763499108
54.44444444,11/1/2016 16:27,Run,Hoka One One Clifton Reds,VO2 Run,16102,72.9,4791,4425,3.6389,5.5,442.2477312,292.6109261,25.127712,16.6256208,0,0,,0,88.5,144.1,170,4.53,59.3,0,,1579.1,0,10,0,1,0,0,0,0,0,0,-1,94.44444444,,,Workout,80,229,1280,2888,4464,,,,165,383,768,4786,,,0,0,0,0,0,0,0,0,0,0,0,0,0,0,0,0,0,0,,0,0,0,0,0,0,5*800 @ 5k pace,,,763081453
0,10/31/2016 16:41,Run,Brooks Ghost Red/Black,Recovery Run,6442,0,1903,1903,3.3852,3.8,475.4002176,423.514967,27.011376,24.0633504,0,0,,0,89.5,112,129,0,0,0,,628.3,0,0,0,1,0,0,0,1,0,0,-1,0,,,,,,,,,,,,,,,,,,0,0,0,0,0,0,0,0,0,0,0,0,0,0,0,0,0,0,,0,0,0,0,0,0,,,,761959587
52.35042735,10/30/2016 9:13,Run,Hoka One One Clifton Reds,Long Run,35408.8,205.4,11757,9772,3.6235,4.8,444.178944,335.2746355,25.23744,19.0496952,0,0,,0,84.8,139.9,155,5.8,75.7,0,,3471.1,0,4,0,1,0,0,0,0,0,0,-1,80.55555556,,,Long Run,98,257,1433,3063,4624,6409,9978,,204,425,900,5003,6743,,0,0,0,0,0,0,0,0,0,0,0,0,0,0,0,0,0,0,,0,0,0,0,0,0,"on ""tired"" legs",,,760801450
0,10/29/2016 10:09,Run,Brooks Ghost Red/Black,GA Run,11269.6,48,3244,3144,3.5845,4.9,449.006976,328.4349235,25.51176,18.6610752,0,0,,0,92.7,144.3,161,4.26,55,0,,1103.4,0,0,0,1,0,0,0,0,0,0,-1,0,,,,101,259,1352,2854,,,,,206,423,870,,,,0,0,0,0,0,0,0,0,0,0,0,0,0,0,0,0,0,0,,0,0,0,0,0,0,with 8*100m strides,,,759408079
93.05555556,10/28/2016 16:59,Run,Hoka One One Clifton Reds,Tempo Run,16101.5,100.8,4748,4231,3.8056,5.2,422.9356032,309.4929446,24.030432,17.5848264,0,0,,0,77.4,142.9,168,6.26,85.8,0,,1580.7,0,2,1,1,0,0,0,0,0,0,-1,98.61111111,,,Workout,87,227,1327,2790,4420,,,,180,372,797,4744,,,0,0,0,0,0,0,0,0,0,0,0,0,0,0,0,0,0,0,,0,0,0,0,0,0,"5 mi @ 6:20-6:30, 2 mi WU, 3 mi CD",,,758706850
0,10/27/2016 17:08,Run,Brooks Ghost Red/Black,Recovery Run,8051.2,0,2524,2524,3.1899,3.9,504.529344,412.651895,28.66644,23.4461304,0,0,,0,86.4,115.9,142,0,0,0,,785.2,0,0,0,1,0,0,0,1,0,0,-1,0,,,,,,,,,,,,,,,,,,0,0,0,0,0,0,0,0,0,0,0,0,0,0,0,0,0,0,,0,0,0,0,0,0,,,,757866521
53.95299145,10/26/2016 5:15,Run,Hoka One One Clifton Reds,ML Run,24156.5,131.6,7112,6688,3.6119,4.7,445.6273536,342.4201229,25.319736,19.4556888,0,0,,0,84.2,140.2,154,5.45,70.8,0,,2370.8,0,5,0,1,0,0,0,0,0,0,-1,77.77777778,,,,98,259,1388,2895,4331,5890,,,205,424,874,4648,6194,,0,0,0,0,0,0,0,0,0,0,0,0,0,0,0,0,0,0,,0,0,0,0,0,0,,,,756348322
52.55991285,10/25/2016 5:36,Run,Hoka One One Clifton Reds,VO2 Run,19317.3,86.1,5571,5184,3.7263,5.4,431.9479296,298.0344154,24.542496,16.9337736,0,0,,0,84.9,136.8,163,4.46,59.8,0,,1891.6,0,17,0,1,0,0,0,0,0,0,-1,85.87962963,,,Workout,83,212,1250,2692,4233,,,,169,379,783,4607,,,0,0,0,0,0,0,0,0,0,0,0,0,0,0,0,0,0,0,,0,0,0,0,0,0,"6*1200 @ 5k pace, 2.5 mi WU, 3 mi CD (1st interval has accidental pause)",,,755341427
0,10/24/2016 6:12,Run,Brooks Ghost Red/Black,GA Run,9666.4,48.8,2867,2700,3.5801,4.7,449.4897792,342.4201229,25.539192,19.4556888,0,0,,0,86.8,139.4,150,5.05,65.1,0,,948,0,0,0,1,0,0,0,0,0,0,-1,0,,,,101,260,1415,,,,,,207,427,901,,,,0,0,0,0,0,0,0,0,0,0,0,0,0,0,0,0,0,0,,0,0,0,0,0,0,,,,754432028
0,10/23/2016 13:08,Run,"ASICS dunno Black, Yellow, Red",Recovery Run,1611.3,0,473,473,3.4066,3.8,472.5033984,423.514967,26.846784,24.0633504,0,0,,0,89.5,119.8,128,0,0,0,,157.2,0,0,0,1,0,0,0,1,0,0,-1,0,,,,,,,,,,,,,,,,,,0,0,0,0,0,0,0,0,0,0,0,0,0,0,0,0,0,0,,0,0,0,0,0,0,light shakeout after bike ride,,,753826078
57.7045177,10/22/2016 8:55,Run,Hoka One One Clifton Reds,MP Long Run,32191.3,190.5,10243,8442,3.8132,5,421.9699968,321.8688,23.975568,18.288,0,0,,0,68.3,143.8,157,5.92,81.2,0,,3157.6,0,5,0,1,0,0,0,0,0,0,-1,96.15384615,,,Long Run,91,247,1353,2953,4507,6222,9434,,193,405,844,4861,6576,,0,0,0,0,0,0,0,0,0,0,0,0,0,0,0,0,0,0,,0,0,0,0,0,0,"14 @ MP, 2 gels, injured Achilles last 2-3 miles",,,752514232
50,10/21/2016 16:59,Run,Hoka One One Clifton Reds,Recovery Run,11273,111.7,3475,3359,3.3561,4.2,479.584512,383.1848064,27.24912,21.771864,0,0,,0,90.5,135.4,146,9.91,119.7,0,,1109.4,0,1,1,1,0,0,0,0,0,0,-1,50,,,,103,275,1506,3080,,,,,217,463,956,,,,0,0,0,0,0,0,0,0,0,0,0,0,0,0,0,0,0,0,,0,0,0,0,0,0,,,,751779730
0,10/20/2016 16:53,Run,Brooks Ghost Red/Black,Recovery Run,9663.6,47.5,3256,2811,3.4378,4.3,468.1581696,374.2690406,26.599896,21.2652864,0,0,,0,90,135.2,151,4.92,60.8,0,,948.9,0,0,0,1,0,0,0,0,0,0,-1,0,,,,103,275,1648,,,,,,213,459,994,,,,0,0,0,0,0,0,0,0,0,0,0,0,0,0,0,0,0,0,,0,0,0,0,0,0,,,,750939125
44.19753086,10/19/2016 5:40,Run,Hoka One One Clifton Reds,VO2 Run,17718.6,73.1,5324,4857,3.6481,6,441.1211904,268.2293645,25.063704,15.2403048,0,0,,0,87.1,145.5,167,4.13,54.2,0,,1734.4,0,15,0,1,0,0,0,0,0,0,-1,81.48148148,,,Workout,82,211,1302,2833,4500,,,,169,405,849,4822,,,0,0,0,0,0,0,0,0,0,0,0,0,0,0,0,0,0,0,,0,0,0,0,0,0,,,,749423177
44.44444444,10/18/2016 5:31,Run,Hoka One One Clifton Reds,GA Run,16099.4,100.2,4845,4551,3.5376,5.4,454.9615488,298.0344154,25.850088,16.9337736,0,0,,0,92.4,141.4,152,6.22,79.3,0,,1580,0,2,0,1,0,0,0,0,0,0,-1,84.72222222,,,,98,261,1415,3009,4510,,,,207,430,897,4842,,,0,0,0,0,0,0,0,0,0,0,0,0,0,0,0,0,0,0,,0,0,0,0,0,0,,,,748396540
0,10/17/2016 17:49,Run,"ASICS dunno Black, Yellow, Red",Recovery Run,1614.7,0,463,463,3.4875,3.9,461.3989248,412.651895,26.215848,23.4461304,0,0,,0,86.3,116.9,127,0,0,0,,157.5,0,0,0,1,0,0,0,1,0,0,-1,0,,,,,,,,,,,,,,,,,,0,0,0,0,0,0,0,0,0,0,0,0,0,0,0,0,0,0,,0,0,0,0,0,0,,,,748008001
51.85185185,10/16/2016 7:57,Run,Brooks Ghost Red/Black,Long Run,33800.2,70.5,10133,8994,3.7581,8.7,428.2464384,184.9779994,24.332184,10.5101136,0,0,,0,89.4,142.1,158,2.09,28.2,0,,3307.2,0,9,8,1,0,0,0,0,0,0,-1,66.66666667,,,Long Run,89,247,1385,2856,4318,5889,8941,,191,414,850,4702,6218,,0,0,0,0,0,0,0,0,0,0,0,0,0,0,0,0,0,0,,0,0,0,0,0,0,,,,747254894
46.66666667,10/15/2016 8:01,Run,Brooks Ghost Red/Black,GA Run,14492.5,41.7,5073,4166,3.4788,10.1,462.6864,159.3411494,26.289,9.0534744,0,0,,0,90.6,137.2,150,2.88,36,0,,1424.3,0,5,3,1,0,0,0,0,0,0,-1,66.66666667,,,,98,274,1532,3623,,,,,216,456,963,,,,0,0,0,0,0,0,0,0,0,0,0,0,0,0,0,0,0,0,,0,0,0,0,0,0,,,,745317488
68.14407814,10/14/2016 6:37,Run,Brooks Ghost Red/Black,LT Run,19319.8,121.3,5828,5069,3.8114,5.4,422.2918656,298.0344154,23.993856,16.9337736,0,0,,0,75,149.3,163,6.28,86.1,0,,1898.9,0,5,0,1,0,0,0,0,0,0,-1,95.83333333,,,Workout,85,225,1384,2893,4404,,,,178,390,796,4695,,,0,0,0,0,0,0,0,0,0,0,0,0,0,0,0,0,0,0,,0,0,0,0,0,0,"2 mi WU + CD, 2*3.5 mi @15k-HM pace, 800m rest",,,744238980
0,10/13/2016 16:42,Run,Hoka One One Clifton Reds,Recovery Run,8059.3,34.7,2423,2394,3.3665,5.1,477.975168,315.5601715,27.15768,17.9295552,0,0,,0,89,130.7,147,4.31,52.2,0,,790.7,0,0,0,1,0,0,0,0,0,0,-1,0,,,,101,276,1475,,,,,,220,451,942,,,,0,0,0,0,0,0,0,0,0,0,0,0,0,0,0,0,0,0,,0,0,0,0,0,0,,,,743815589
68.27838828,10/12/2016 5:07,Run,Hoka One One Clifton Reds,Middle Long Run,24145.8,131.1,7031,6510,3.709,5.1,433.8791424,315.5601715,24.652224,17.9295552,0,0,,0,83,143.9,156,5.43,72.5,0,,2369.9,0,5,0,1,0,0,0,0,0,0,-1,95.23809524,,,,90,241,1361,2787,4269,5791,,,195,401,852,4639,6092,,0,0,0,0,0,0,0,0,0,0,0,0,0,0,0,0,0,0,,0,0,0,0,0,0,,,,742277705
70.45940171,10/11/2016 5:15,Run,Brooks Ghost Red/Black,GA Run,17708.7,112.6,5173,4915,3.603,5.4,446.59296,298.0344154,25.3746,16.9337736,0,0,,0,91.9,141.6,153,6.36,82.5,0,,1738.2,0,4,0,1,0,0,0,0,0,0,-1,79.16666667,,,,99,262,1411,2899,4387,,,,209,430,864,4703,,,0,0,0,0,0,0,0,0,0,0,0,0,0,0,0,0,0,0,,0,0,0,0,0,0,,,,741252629
0,10/10/2016 16:59,Run,Brooks Ghost Red/Black,Recovery Run,8055.5,34.4,2424,2329,3.4588,4.7,465.2613504,342.4201229,26.435304,19.4556888,0,0,,0,90.2,134.7,148,4.27,53.2,0,,789.7,0,0,0,1,0,0,0,0,0,0,-1,0,,,,103,273,1485,,,,,,213,453,951,,,,0,0,0,0,0,0,0,0,0,0,0,0,0,0,0,0,0,0,,0,0,0,0,0,0,,,,740843285
0,10/9/2016 11:28,Run,Hoka One One Clifton Reds,GA Run,12885.2,89.8,3644,3489,3.6931,4.6,435.8103552,349.8552922,24.761952,19.8781416,0,0,,0,92.7,142.4,155,6.97,92.7,0,,1265.6,0,0,0,1,0,0,0,0,0,0,-1,0,,,,93,247,1377,2813,,,,,194,412,849,,,,0,0,0,0,0,0,0,0,0,0,0,0,0,0,0,0,0,0,,0,0,0,0,0,0,,,,739595884
50.83333333,10/8/2016 10:33,Run,Hoka One One Clifton Reds,Tune-Up Run,15016.4,85.3,4353,3653,4.1107,5.5,391.5533952,292.6109261,22.247352,16.6256208,0,0,,0,69.5,157.1,169,5.68,84.1,0,,1478.5,0,10,7,1,0,0,0,0,0,0,-1,66.66666667,,,Workout,87,229,1293,2780,4349,,,,181,369,802,,,,0,0,0,0,0,0,0,0,0,0,0,0,0,0,0,0,0,0,,0,0,0,0,0,0,"15k, too fast, too hard of a pace, realign goals",,,738343078
0,10/7/2016 16:53,Run,Brooks Ghost Red/Black,Recovery Run,9661.1,48.3,3153,2976,3.2463,4.1,495.677952,392.5190016,28.16352,22.302216,0,0,,0,86.8,136.9,150,5,58.4,0,,946.8,0,0,0,1,0,0,0,0,0,0,-1,0,,,,111,281,1630,,,,,,224,464,1016,,,,0,0,0,0,0,0,0,0,0,0,0,0,0,0,0,0,0,0,,0,0,0,0,0,0,,,,737515869
0,10/6/2016 5:42,Run,Brooks Ghost Red/Black,Recovery Run,8057.2,0,2535,2535,3.1784,3.4,506.2996224,473.3402573,28.767024,26.8943328,0,0,,0,84.7,122.7,137,0,0,0,,785.8,0,0,0,1,0,0,0,1,0,0,-1,0,,,,,,,,,,,,,,,,,,0,0,0,0,0,0,0,0,0,0,0,0,0,0,0,0,0,0,,0,0,0,0,0,0,,,,736035543
47.86935287,10/5/2016 5:02,Run,Brooks Ghost Red/Black,Middle Long Run,24149.1,131.5,7455,6947,3.4762,4.2,463.0082688,383.1848064,26.307288,21.771864,0,0,,0,87.1,135.7,153,5.45,68.1,0,,2371,0,5,0,1,0,0,0,0,0,0,-1,63.88888889,,,,103,270,1429,3012,4619,6200,,,214,441,909,4957,6521,,0,0,0,0,0,0,0,0,0,0,0,0,0,0,0,0,0,0,,0,0,0,0,0,0,,,,735012881
58.84773663,10/4/2016 5:39,Run,Hoka One One Clifton Reds,VO2 Run,16095.5,75.6,4870,4496,3.58,6.4,449.4897792,251.46,25.539192,14.2875,0,0,,0,85.5,145.9,182,4.7,60.5,0,,1576.5,0,9,1,1,0,0,0,0,0,0,-1,98.61111111,,,Workout,80,233,1379,2872,4526,,,,172,395,860,4868,,,0,0,0,0,0,0,0,0,0,0,0,0,0,0,0,0,0,0,,0,0,0,0,0,0,5*800 @ 5:50-6:00,,,733914687
0,10/3/2016 5:58,Run,"ASICS dunno Black, Yellow, Red",Recovery Run,3222.4,0,969,969,3.3255,3.5,483.9297408,459.8056742,27.496008,26.1253224,0,0,,0,83.8,114.6,122,0,0,0,,314.3,0,0,0,1,0,0,0,1,0,0,-1,0,,,,,,,,,,,,,,,,,,0,0,0,0,0,0,0,0,0,0,0,0,0,0,0,0,0,0,,0,0,0,0,0,0,,,,732890621
60.67155067,10/2/2016 8:38,Run,Brooks Ghost Red/Black,Long Run,38628.2,212,12337,10535,3.6667,5.6,438.8681088,287.3805581,24.935688,16.3284408,0,0,,0,87.5,143.2,158,5.49,72.4,0,,3787.5,0,5,0,1,0,0,0,0,0,0,-1,88.46153846,,,Long Run,97,244,1414,2913,4460,6124,9504,,196,400,892,4763,6456,,0,0,0,0,0,0,0,0,0,0,0,0,0,0,0,0,0,0,,0,0,0,0,0,0,,,,732206487
30.55555556,10/1/2016 12:51,Run,Hoka One One Clifton Reds,GA Run,16099.5,90.7,5145,4698,3.4269,5.4,469.6065792,298.0344154,26.682192,16.9337736,0,0,,0,88.5,129.3,146,5.63,69.5,0,,1579.5,0,2,0,1,0,0,0,0,0,0,-1,58.33333333,,,,97,275,1454,3311,4805,,,,219,447,903,5142,,,0,0,0,0,0,0,0,0,0,0,0,0,0,0,0,0,0,0,,0,0,0,0,0,0,,,,731113706
82.72283272,9/30/2016 5:04,Run,Brooks Ghost Red/Black,Middle Long Run,24153.5,131.7,7452,6664,3.6245,5,444.0180096,321.8688,25.228296,18.288,0,0,,0,85,142.6,157,5.45,71.1,0,,2371,0,5,0,1,0,0,0,0,0,0,-1,95.83333333,,,,98,246,1383,2882,4712,6182,,,198,404,849,5019,6491,,0,0,0,0,0,0,0,0,0,0,0,0,0,0,0,0,0,0,,0,0,0,0,0,0,,,,729670954
0,9/29/2016 5:42,Run,Brooks Ghost Red/Black,Recovery Run,8047.2,0,2610,2610,3.0832,3.7,521.9102592,434.9574029,29.653992,24.7134888,0,0,,0,83.1,118.9,138,0,0,0,,784.9,0,0,0,1,0,0,0,1,0,0,-1,0,,,,,,,,,,,,,,,,,,0,0,0,0,0,0,0,0,0,0,0,0,0,0,0,0,0,0,,0,0,0,0,0,0,,,,728649118
85.54945055,9/28/2016 5:28,Run,Brooks Ghost Red/Black,LT Intervals Run,19326,121.7,5418,5060,3.8194,5,421.3262592,321.8688,23.938992,18.288,0,0,,0,73.9,148.1,162,6.3,86.6,0,,1899.8,0,5,2,1,0,0,0,0,0,0,-1,98.61111111,,,Workout,88,229,1282,2705,4139,,,,181,374,786,4435,,,0,0,0,0,0,0,0,0,0,0,0,0,0,0,0,0,0,0,,0,0,0,0,0,0,"2*3.5 mi @ 15k-HM pace w/ 2 mi. WU, 1 mi break, 2 mi CD",,,727632740
61.75213675,9/27/2016 5:27,Run,Brooks Ghost Red/Black,GA Run,17712.3,112.5,5284,5115,3.4628,5,464.7785472,321.8688,26.407872,18.288,0,0,,0,88.9,138.7,154,6.35,79.2,0,,1739.8,0,4,0,1,0,0,0,0,0,0,-1,72.22222222,,,,102,273,1437,2956,4448,,,,217,446,911,4775,,,0,0,0,0,0,0,0,0,0,0,0,0,0,0,0,0,0,0,,0,0,0,0,0,0,,,,726493622
0,9/26/2016 6:33,Run,"ASICS dunno Black, Yellow, Red",Recovery Run,6442.5,0,1931,1931,3.3364,3.6,482.3203968,447.0435763,27.404568,25.4002032,0,0,,0,84.1,112.7,122,0,0,0,,628.3,0,0,0,1,0,0,0,1,0,0,-1,0,,,,,,,,,,,,,,,,,,0,0,0,0,0,0,0,0,0,0,0,0,0,0,0,0,0,0,,0,0,0,0,0,0,,,,725545972
84.37118437,9/25/2016 8:59,Run,Hoka One One Clifton Reds,Long Run,28972.4,163.6,8801,7832,3.6992,4.8,435.0056832,335.2746355,24.716232,19.0496952,0,0,,0,85.5,145.7,160,5.65,75.2,0,,2842.5,0,5,0,1,0,0,0,0,0,0,-1,94.23076923,,,Long Run,95,256,1407,2933,4487,6065,,,192,424,899,4818,6391,,0,0,0,0,0,0,0,0,0,0,0,0,0,0,0,0,0,0,,0,0,0,0,0,0,,,,724673407
54.34065934,9/23/2016 5:15,Run,Brooks Ghost Red/Black,Middle Long Run,20932.3,126.3,6272,5837,3.5861,5.3,448.8460416,303.6510259,25.502616,17.2528992,0,0,,0,84.7,145.7,159,6.03,77.9,0,,2056.3,0,5,0,1,0,0,0,0,0,0,-1,97.22222222,,,,94,244,1365,2888,4501,5987,,,198,408,861,4813,,,0,0,0,0,0,0,0,0,0,0,0,0,0,0,0,0,0,0,,0,0,0,0,0,0,,,,721980758
0,9/22/2016 5:25,Run,"ASICS dunno Black, Yellow, Red",Recovery Run,9676.5,48.1,3059,3007,3.218,3.8,500.1841152,423.514967,28.419552,24.0633504,0,0,,0,87.4,132.8,144,4.97,57.6,0,,948.5,0,0,0,1,0,0,0,0,0,0,-1,0,,,,113,289,1537,,,,,,232,473,980,,,,0,0,0,0,0,0,0,0,0,0,0,0,0,0,0,0,0,0,,0,0,0,0,0,0,,,,720873025
56.73400673,9/21/2016 5:31,Run,Brooks Ghost Red/Black,VO2 Run,17705.4,99.7,5221,5022,3.5256,5.4,456.4099584,298.0344154,25.932384,16.9337736,0,0,,0,84.6,142.7,163,5.63,71.5,0,,1735.3,0,11,0,1,0,0,0,0,0,0,-1,89.81481481,,,Workout,85,237,1275,2847,4394,,,,174,405,813,4712,,,0,0,0,0,0,0,0,0,0,0,0,0,0,0,0,0,0,0,,0,0,0,0,0,0,"5*800, Contains accidental pause at end of intervals",,,719785645
45.05876068,9/20/2016 5:32,Run,Brooks Ghost Red/Black,GA Run,17712.4,112.2,5273,5122,3.4581,5.3,465.4222848,303.6510259,26.444448,17.2528992,0,0,,0,89.6,141.8,154,6.33,78.9,0,,1739.5,0,4,0,1,0,0,0,0,0,0,-1,69.44444444,,,,95,264,1452,2956,4433,,,,211,433,885,4762,,,0,0,0,0,0,0,0,0,0,0,0,0,0,0,0,0,0,0,,0,0,0,0,0,0,,,,718623269
0,9/19/2016 6:33,Run,"ASICS dunno Black, Yellow, Red",Recovery Run,6445.6,0,2192,2192,2.9405,3.4,547.3378944,473.3402573,31.098744,26.8943328,0,0,,0,82.7,117,128,0,0,0,,628.6,0,0,0,1,0,0,0,1,0,0,-1,0,,,,,,,,,,,,,,,,,,0,0,0,0,0,0,0,0,0,0,0,0,0,0,0,0,0,0,,0,0,0,0,0,0,,,,718149452
24.86874237,9/18/2016 9:12,Run,Hoka One One Clifton Reds,Long Run,32195.3,200.1,11560,8894,3.6199,4.6,444.6617472,349.8552922,25.264872,19.8781416,0,0,,0,82,145.5,162,6.22,81,0,,3160.3,0,5,0,1,0,0,0,0,0,0,-1,57.14285714,,,Long Run,95,248,1484,3209,4897,6694,10574,,194,407,818,5327,7195,,0,0,0,0,0,0,0,0,0,0,0,0,0,0,0,0,0,0,,0,0,0,0,0,0,"@MP, Awful, lack of sleep, dehydrated, malnourished, pushed too hard too fast",,,716838907
73.61111111,9/17/2016 8:49,Run,Brooks Ghost Red/Black,GA Run,16095.5,101,4914,4630,3.4763,4.2,463.0082688,383.1848064,26.307288,21.771864,0,0,,0,88.2,146.7,158,6.28,78.5,0,,1579.8,0,2,0,1,0,0,0,0,0,0,-1,81.94444444,,,,103,268,1432,2992,4577,,,,213,440,890,4911,,,0,0,0,0,0,0,0,0,0,0,0,0,0,0,0,0,0,0,,0,0,0,0,0,0,,,,715326699
60.66849817,9/16/2016 5:14,Run,Brooks Ghost Red/Black,Middle Long Run,22538.2,127.7,6970,6364,3.5415,4.5,454.4787456,357.6284237,25.822656,20.3197968,0,0,,0,86.1,148.5,159,5.67,72.2,0,,2213.3,0,5,0,1,0,0,0,0,0,0,-1,91.66666667,,,,98,258,1435,3017,4560,6144,,,207,424,884,4887,6517,,0,0,0,0,0,0,0,0,0,0,0,0,0,0,0,0,0,0,,0,0,0,0,0,0,"Cooler temps, but higher HR?",,,714102044
0,9/15/2016 5:15,Run,Brooks Ghost Red/Black,Recovery Run,9662.8,47.6,3025,3014,3.206,3.9,501.9543936,412.651895,28.520136,23.4461304,0,0,,0,87.8,135.5,146,4.93,56.9,0,,947,0,0,0,1,0,0,0,0,0,0,-1,0,,,,115,295,1531,,,,,,235,479,989,,,,0,0,0,0,0,0,0,0,0,0,0,0,0,0,0,0,0,0,,0,0,0,0,0,0,,,,712947443
50.24038462,9/14/2016 5:28,Run,Brooks Ghost Red/Black,GA Run,17710.5,113.6,5324,5145,3.4423,4.9,467.514432,328.4349235,26.56332,18.6610752,0,0,,0,90.5,139.6,178,6.41,79.5,0,,1740.6,0,4,0,1,0,0,0,0,0,0,-1,67.30769231,,,,98,274,1452,2931,4456,,,,218,448,916,4792,,,0,0,0,0,0,0,0,0,0,0,0,0,0,0,0,0,0,0,,0,0,0,0,0,0,,,,711828098
65.25946276,9/13/2016 5:11,Run,Brooks Ghost Red/Black,Middle Long Run,24152.3,131.4,7303,6823,3.5398,4.8,454.63968,335.2746355,25.8318,19.0496952,0,0,,0,83.4,143.5,155,5.44,69.3,0,,2370.7,0,5,0,1,0,0,0,0,0,0,-1,93.05555556,,,,93,253,1409,2948,4479,6008,,,202,417,907,4802,6337,,0,0,0,0,0,0,0,0,0,0,0,0,0,0,0,0,0,0,,0,0,0,0,0,0,Progression ML,,,710645370
0,9/12/2016 6:37,Run,"ASICS dunno Black, Yellow, Red",Recovery Run,4830.1,0,1516,1516,3.1861,3.4,505.1730816,473.3402573,28.703016,26.8943328,0,0,,0,84.2,118,124,0,0,0,,471.1,0,0,0,1,0,0,0,1,0,0,-1,0,,,,,,,,,,,,,,,,,,0,0,0,0,0,0,0,0,0,0,0,0,0,0,0,0,0,0,,0,0,0,0,0,0,,,,710275319
45.22283272,9/11/2016 8:23,Run,Hoka One One Clifton Reds,Long Run,35409.7,210.3,11835,9961,3.5548,4.6,452.7084672,349.8552922,25.722072,19.8781416,0,0,,0,89.1,144.7,160,5.94,76,0,,3474.5,0,5,0,1,0,0,0,0,0,0,-1,86.53846154,,,Long Run,97,265,1394,2895,4526,6211,9729,,208,428,873,4856,6544,,0,0,0,0,0,0,0,0,0,0,0,0,0,0,0,0,0,0,,0,0,0,0,0,0,,,,708614645
17.36111111,9/10/2016 8:12,Run,Brooks Ghost Red/Black,GA Run,16100.9,110.4,5278,4887,3.2946,5.3,488.435904,303.6510259,27.75204,17.2528992,0,0,,0,87.4,147.6,157,6.86,81.3,0,,1581.7,0,2,0,1,0,0,0,0,0,0,-1,27.77777778,,,,107,276,1487,3173,4927,,,,220,452,945,5274,,,0,0,0,0,0,0,0,0,0,0,0,0,0,0,0,0,0,0,,0,0,0,0,0,0,finally running easy runs easy,,,707056625
58.33028083,9/9/2016 5:32,Run,Hoka One One Clifton Reds,Tempo Run,19320.1,121,6111,5284,3.6563,4.8,440.155584,335.2746355,25.00884,19.0496952,0,0,,0,72.6,150,168,6.26,82.4,0,,1898.2,0,5,0,1,0,0,0,0,0,0,-1,94.23076923,,,Workout,90,235,1467,3041,4704,,,,189,386,859,5089,,,0,0,0,0,0,0,0,0,0,0,0,0,0,0,0,0,0,0,,0,0,0,0,0,0,,,,705852012
0,9/8/2016 5:22,Run,"ASICS dunno Black, Yellow, Red",Recovery Run,9664.1,48,3110,3067,3.151,3.9,510.8057856,412.651895,29.023056,23.4461304,0,0,,0,86.6,133.9,145,4.97,56.3,0,,947.7,0,0,0,1,0,0,0,0,0,0,-1,0,,,,116,298,1566,,,,,,241,487,1003,,,,0,0,0,0,0,0,0,0,0,0,0,0,0,0,0,0,0,0,,0,0,0,0,0,0,,,,704684351
59.72222222,9/7/2016 5:28,Run,Brooks Ghost Red/Black,GA Run,17709.6,126.8,5346,5056,3.5027,5.5,459.467712,292.6109261,26.10612,16.6256208,0,0,,0,87.4,145.5,163,7.16,90.3,0,,1740.1,0,2,0,1,0,0,0,0,0,0,-1,59.72222222,,,,99,266,1432,3007,4515,,,,212,431,908,4841,,,0,0,0,0,0,0,0,0,0,0,0,0,0,0,0,0,0,0,,0,0,0,0,0,0,,,,703508196
41.87118437,9/6/2016 5:17,Run,Brooks Ghost Red/Black,Middle Long Run,24160.3,131.4,7577,6810,3.5478,5,453.6740736,321.8688,25.776936,18.288,0,0,,0,90.7,143.2,157,5.44,69.5,0,,2373.2,0,5,0,1,0,0,0,0,0,0,-1,69.23076923,,,,95,264,1445,2935,4443,6281,,,210,437,903,4782,6626,,0,0,0,0,0,0,0,0,0,0,0,0,0,0,0,0,0,0,,0,0,0,0,0,0,,,,702364020
25.6990232,9/4/2016 8:26,Run,Hoka One One Clifton Reds,Long Run,32189.6,180.3,10840,8962,3.5918,4.6,448.0413696,349.8552922,25.456896,19.8781416,0,0,,0,85.5,143.7,160,5.6,72.4,0,,3160,0,5,0,1,0,0,0,0,0,0,-1,59.61538462,,,Long Run,98,251,1476,2973,4586,6317,10060,,199,408,877,5039,6723,,0,0,0,0,0,0,0,0,0,0,0,0,0,0,0,0,0,0,,0,0,0,0,0,0,,,,700400489
79.16666667,9/3/2016 8:49,Run,Brooks Ghost Red/Black,GA Run,16096.6,100.6,4846,4634,3.4736,4.5,463.3301376,357.6284237,26.325576,20.3197968,0,0,,0,90.4,144.3,159,6.25,78.2,0,,1580.4,0,2,0,1,0,0,0,0,0,0,-1,86.11111111,,,,104,272,1435,2968,4465,,,,214,442,919,4843,,,0,0,0,0,0,0,0,0,0,0,0,0,0,0,0,0,0,0,,0,0,0,0,0,0,,,,699002887
47.68620269,9/2/2016 17:07,Run,Brooks Ghost Red/Black,MIddle Long Run,20941.4,126.6,6555,5966,3.5101,5.6,458.5021056,287.3805581,26.051256,16.3284408,0,0,,0,87.8,147.6,158,6.05,76.4,0,,2057,0,5,0,1,0,0,0,0,0,0,-1,76.38888889,,,,103,269,1455,3049,4787,6279,,,213,443,893,5093,,,0,0,0,0,0,0,0,0,0,0,0,0,0,0,0,0,0,0,,0,0,0,0,0,0,,,,698319096
53.2020757,8/31/2016 5:22,Run,Brooks Ghost Red/Black,Middle Long Run,24146.3,130.2,7631,6995,3.4519,5,466.2269568,321.8688,26.490168,18.288,0,0,,0,87.3,144.7,157,5.39,67,0,,2370,0,5,0,1,0,0,0,0,0,0,-1,90.47619048,,,,101,266,1443,3079,4630,6244,,,211,444,909,4945,6610,,0,0,0,0,0,0,0,0,0,0,0,0,0,0,0,0,0,0,,0,0,0,0,0,0,,,,695419431
86.53846154,8/30/2016 5:39,Run,Hoka One One Clifton Reds,Tempo Run,17706.6,112,4977,4686,3.7786,5.1,425.8324224,315.5601715,24.195024,17.9295552,0,0,,0,77.4,149,165,6.33,86,0,,1738.2,0,4,2,1,0,0,0,0,0,0,-1,98.07692308,,,Workout,90,234,1292,2679,4144,,,,186,378,815,4470,,,0,0,0,0,0,0,0,0,0,0,0,0,0,0,0,0,0,0,,0,0,0,0,0,0,,,,694152241
0,8/29/2016 5:30,Run,Brooks Ghost Red/Black,Recovery Run,6442.3,27,2035,2012,3.2019,3.8,502.5981312,423.514967,28.556712,24.0633504,0,0,,0,85.9,126.6,136,4.19,48.3,0,,631.7,0,0,0,1,0,0,0,0,0,0,-1,0,,,,115,294,1560,,,,,,235,485,997,,,,0,0,0,0,0,0,0,0,0,0,0,0,0,0,0,0,0,0,,0,0,0,0,0,0,,,,692987291
29.59096459,8/28/2016 10:11,Run,Hoka One One Clifton Reds,Long Run,20925.7,125.7,6742,6287,3.3284,4.5,483.4469376,357.6284237,27.468576,20.3197968,0,0,,0,87.2,141.4,154,6.01,72,0,,2054.9,0,5,0,1,0,0,0,0,0,0,-1,61.53846154,,,Long Run,101,278,1484,3086,4750,6454,,,222,452,921,5095,,,0,0,0,0,0,0,0,0,0,0,0,0,0,0,0,0,0,0,,0,0,0,0,0,0,"Light, after hard catering event prior night",,,692241161
61.48962149,8/26/2016 5:47,Run,Hoka One One Clifton Reds,Middle Long Run,19316.4,121.3,5861,5555,3.4773,4.4,462.8473344,365.7556109,26.298144,20.7815688,0,0,,0,85.9,121.5,157,6.28,78.6,0,,1898.4,0,5,0,1,0,0,0,0,0,0,-1,80.95238095,,,,100,263,1446,2953,4531,,,,207,433,887,4846,,,0,0,0,0,0,0,0,0,0,0,0,0,0,0,0,0,0,0,,0,0,0,0,0,0,,,,689501603
0,8/25/2016 5:34,Run,Brooks Ghost Red/Black,Recovery Run,8064.1,34.9,2560,2491,3.2373,4.4,497.1263616,365.7556109,28.245816,20.7815688,0,0,,0,86.6,130.4,141,4.33,50.4,0,,790.9,0,0,0,1,0,0,0,0,0,0,-1,0,,,,114,289,1548,,,,,,231,473,976,,,,0,0,0,0,0,0,0,0,0,0,0,0,0,0,0,0,0,0,,0,0,0,0,0,0,,,,688330941
66.69413919,8/24/2016 5:41,Run,Brooks Ghost Red/Black,Middle Long Run,20926.6,127.1,6295,5972,3.5041,4.3,459.3067776,374.2690406,26.096976,21.2652864,0,0,,0,86.7,141,156,6.07,76.6,0,,2055.5,0,5,0,1,0,0,0,0,0,0,-1,86.53846154,,,,102,271,1416,2920,4410,6012,,,214,436,889,4755,,,0,0,0,0,0,0,0,0,0,0,0,0,0,0,0,0,0,0,,0,0,0,0,0,0,,,,687187897
88.19444444,8/23/2016 5:25,Run,Brooks Ghost Red/Black,GA Run,16102,94.2,4647,4457,3.6127,4.4,445.4664192,365.7556109,25.310592,20.7815688,0,0,,0,86.6,138.2,157,5.85,76.1,0,,1580.5,0,2,0,1,0,0,0,0,0,0,-1,94.44444444,,,,102,262,1369,2809,4297,,,,210,425,865,4643,,,0,0,0,0,0,0,0,0,0,0,0,0,0,0,0,0,0,0,,0,0,0,0,0,0,,,,685886315
0,8/22/2016 5:38,Run,Brooks Ghost Red/Black,Recovery Run,4834,0,1615,1615,2.9932,3.5,537.6818304,459.8056742,30.550104,26.1253224,0,0,,0,84.4,97.8,135,0,0,0,,471.5,0,0,0,1,0,0,0,1,0,0,-1,0,,,,,,,,,,,,,,,,,,0,0,0,0,0,0,0,0,0,0,0,0,0,0,0,0,0,0,,0,0,0,0,0,0,,,,684711577
32.78388278,8/21/2016 8:34,Run,Hoka One One Clifton Reds,MP Long Run,32191.8,182.6,11034,8993,3.5797,4.8,449.6507136,335.2746355,25.548336,19.0496952,0,0,,0,83.8,148,163,5.67,73.1,0,,3156.3,0,5,0,1,0,0,0,0,0,0,-1,84.61538462,,,Long Run,95,249,1451,2996,4662,6299,9975,,198,418,858,5027,6641,,0,0,0,0,0,0,0,0,0,0,0,0,0,0,0,0,0,0,,0,0,0,0,0,0,Marathon Pace,,,683964885
0,8/20/2016 9:21,Run,Brooks Ghost Red/Black,Recovery Run,9662.6,49.8,2925,2804,3.446,4.4,467.0316288,365.7556109,26.535888,20.7815688,0,0,,0,87.2,138.2,153,5.15,63.9,0,,949.8,0,0,0,1,0,0,0,0,0,0,-1,0,,,,101,271,1472,,,,,,215,437,934,,,,0,0,0,0,0,0,0,0,0,0,0,0,0,0,0,0,0,0,,0,0,0,0,0,0,,,,682637851
42.42673993,8/19/2016 5:24,Run,Hoka One One Clifton Reds,Middle Long Run,22540.5,143.5,6831,6342,3.5542,4.7,452.8694016,342.4201229,25.731216,19.4556888,0,0,,0,89.5,142,157,6.37,81.5,0,,2213.4,0,5,0,1,0,0,0,0,0,0,-1,88.0952381,,,,99,260,1383,2938,4460,6038,,,206,420,873,4827,6382,,0,0,0,0,0,0,0,0,0,0,0,0,0,0,0,0,0,0,,0,0,0,0,0,0,,,,681450846
0,8/18/2016 5:34,Run,Brooks Ghost Red/Black,Recovery Run,8057.3,33.8,2470,2402,3.3544,4.2,479.7454464,383.1848064,27.258264,21.771864,0,0,,0,87.9,135.2,148,4.19,50.7,0,,789.8,0,0,0,1,0,0,0,0,0,0,-1,0,,,,111,281,1499,,,,,,225,459,922,,,,0,0,0,0,0,0,0,0,0,0,0,0,0,0,0,0,0,0,,0,0,0,0,0,0,,,,680277532
53.18376068,8/17/2016 5:19,Run,Hoka One One Clifton Reds,Middle Long Run,22542.4,143,7023,6439,3.5009,4.7,459.6286464,342.4201229,26.115264,19.4556888,0,0,,0,86.6,144.7,157,6.34,79.9,0,,2214.4,0,5,0,1,0,0,0,0,0,0,-1,78.84615385,,,,96,259,1416,2991,4510,6206,,,208,420,885,4860,6535,,0,0,0,0,0,0,0,0,0,0,0,0,0,0,0,0,0,0,,0,0,0,0,0,0,,,,679129912
66.66666667,8/16/2016 6:00,Run,Hoka One One Clifton Reds,Tempo Run,16095.1,93.4,4736,4314,3.7309,5,431.304192,321.8688,24.50592,18.288,0,0,,0,78.1,143.5,166,5.8,77.9,0,,1579,0,2,0,1,0,0,0,0,0,0,-1,94.44444444,,,Workout,87,230,1334,2839,4400,,,,182,373,763,4735,,,0,0,0,0,0,0,0,0,0,0,0,0,0,0,0,0,0,0,,0,0,0,0,0,0,,,,677906223
0,8/15/2016 18:10,Run,Brooks Ghost Red/Black,Recovery Run,6442.9,0,1919,1919,3.3574,3.9,479.2626432,412.651895,27.230832,23.4461304,0,0,,0,86.1,128.3,149,0,0,0,,628.4,0,0,0,1,0,0,0,1,0,0,-1,0,,,,,,,,,,,,,,,,,,0,0,0,0,0,0,0,0,0,0,0,0,0,0,0,0,0,0,,0,0,0,0,0,0,,,,677460812
0,8/12/2016 18:12,Run,Brooks Ghost Red/Black,Recovery Run,2290.8,0,747,693,3.3056,3.9,486.82656,412.651895,27.6606,23.4461304,0,0,,0,85.8,,0,0,0,0,,223.3,0,0,0,1,0,0,0,0,0,0,-1,0,,,,117,300,,,,,,,240,482,,,,,0,0,0,0,0,0,0,0,0,0,0,0,0,0,0,0,0,0,,0,0,0,0,0,0,,,,677460614
0,8/12/2016 8:47,Run,Brooks Ghost Red/Black,GA Run,16107.4,0,5209,4764,3.3811,5.7,476.0439552,282.3433114,27.047952,16.0422336,0,0,,0,87,149.3,168,0,0,0,,1571,0,0,0,1,0,0,0,0,0,0,-1,0,,,,112,284,1435,3033,4786,,,,227,456,920,5204,,,0,0,0,0,0,0,0,0,0,0,0,0,0,0,0,0,0,0,,0,0,0,0,0,0,,,,673389413
0,8/11/2016 9:05,Run,Hoka One One Clifton Reds,GA Run,16099.4,0,4993,4733,3.4015,4.7,473.147136,342.4201229,26.88336,19.4556888,0,0,,0,86.7,147.7,166,0,0,0,,1570.3,0,0,0,1,0,0,0,0,0,0,-1,0,,,,103,271,1431,3049,4660,,,,214,451,910,4991,,,0,0,0,0,0,0,0,0,0,0,0,0,0,0,0,0,0,0,,0,0,0,0,0,0,,,,672332298
0,8/10/2016 9:41,Run,Hoka One One Clifton Reds,Recovery Run,4832,0,1552,1411,3.4245,4.7,469.928448,342.4201229,26.70048,19.4556888,0,0,,0,85.6,133.9,151,0,0,0,,471.3,0,0,0,1,0,0,0,0,0,0,-1,0,,,,113,285,,,,,,,229,459,932,,,,0,0,0,0,0,0,0,0,0,0,0,0,0,0,0,0,0,0,,0,0,0,0,0,0,,,,671269889
41.66666667,8/8/2016 7:31,Run,Brooks Ghost Red/Black,Middle Long Run,24146.3,0,7661,7050,3.425,4.6,469.928448,349.8552922,26.70048,19.8781416,0,0,,0,83.9,142,158,0,0,0,,2356,0,2,1,1,0,0,0,0,0,0,-1,50,,,,102,279,1487,3014,4755,6385,,,223,454,935,5104,6735,,0,0,0,0,0,0,0,0,0,0,0,0,0,0,0,0,0,0,,0,0,0,0,0,0,,,,668874860
0,8/7/2016 14:50,Run,Hoka One One Clifton Reds,Recovery Run,6444.8,0,1827,1804,3.5725,5.2,450.4553856,309.4929446,25.594056,17.5848264,0,0,,0,88,149.4,160,0,0,0,,628.7,0,0,0,1,0,0,0,0,0,0,-1,0,,,,103,270,1410,,,,,,215,441,904,,,,0,0,0,0,0,0,0,0,0,0,0,0,0,0,0,0,0,0,,0,0,0,0,0,0,,,,668200836
52.38095238,8/6/2016 7:18,Run,Hoka One One Clifton Reds,GA Run,12877.6,0,3859,3773,3.4131,4.5,471.537792,357.6284237,26.79192,20.3197968,0,0,,0,87,149.5,158,0,0,0,,1256.2,0,7,7,2,0,0,0,0,0,0,-1,58.33333333,,,,114,287,1448,2994,,,,,229,461,929,,,,0,0,0,0,0,0,0,0,0,0,0,0,0,0,0,0,0,0,,0,0,0,0,0,0,,,,668200606
63.02808303,8/5/2016 5:30,Run,Brooks Ghost Red/Black,Middle Long Run,19316.3,119.1,5791,5434,3.5547,4.5,452.7084672,357.6284237,25.722072,20.3197968,0,0,,0,87.1,147.7,157,6.17,78.9,0,,1898,0,5,0,1,0,0,0,0,0,0,-1,83.33333333,,,,101,259,1431,2946,4466,,,,207,428,888,4765,,,0,0,0,0,0,0,0,0,0,0,0,0,0,0,0,0,0,0,,0,0,0,0,0,0,,,,665228569
0,8/4/2016 5:11,Run,Hoka One One Clifton Reds,Recovery Run,8052.5,34.2,2467,2463,3.2694,4.4,492.2983296,365.7556109,27.971496,20.7815688,0,0,,0,86.4,133.5,147,4.25,50,0,,789.5,0,0,0,1,0,0,0,0,0,0,-1,0,,,,112,283,1491,,,,,,228,457,939,,,,0,0,0,0,0,0,0,0,0,0,0,0,0,0,0,0,0,0,,0,0,0,0,0,0,,,,664039146
48.19291819,8/3/2016 5:03,Run,Brooks Ghost Red/Black,Middle Long Run,22534,144.1,6792,6558,3.4361,4.7,468.319104,342.4201229,26.60904,19.4556888,0,0,,0,83.2,146.3,156,6.39,79.1,0,,2214.5,0,5,0,1,0,0,0,0,0,0,-1,78.57142857,,,,103,270,1457,2963,4495,6006,,,217,434,914,4815,6340,,0,0,0,0,0,0,0,0,0,0,0,0,0,0,0,0,0,0,,0,0,0,0,0,0,,,,662952334
63.19444444,8/2/2016 5:26,Run,Brooks Ghost Red/Black,Tempo Run,16101,105,4841,4431,3.6337,4.9,442.8914688,328.4349235,25.164288,18.6610752,0,0,,0,79.7,150.5,172,6.52,85.3,0,,1580.6,0,2,0,1,0,0,0,0,0,0,-1,90.27777778,,,Workout,92,241,1342,2921,4488,,,,191,389,784,4837,,,0,0,0,0,0,0,0,0,0,0,0,0,0,0,0,0,0,0,,0,0,0,0,0,0,,,,661788546
19.13919414,7/31/2016 8:37,Run,Brooks Ghost Red/Black,Long Run,27396,176.2,9436,7551,3.6281,4.8,443.5352064,335.2746355,25.200864,19.0496952,0,0,,0,81.3,151.4,165,6.43,84,0,,2689.2,0,6,1,1,0,0,0,0,0,0,-1,42.36111111,,,Long Run,90,247,1504,3147,4892,6919,,,196,406,929,5281,7277,,0,0,0,0,0,0,0,0,0,0,0,0,0,0,0,0,0,0,,0,0,0,0,0,0,Hardest/Worst Long Run,,,660217642
0,7/30/2016 7:28,Run,"ASICS dunno Black, Yellow, Red",Recovery Run,9665.4,48.1,3139,2969,3.2554,4.2,494.3904768,383.1848064,28.090368,21.771864,0,0,,0,85.7,134.6,149,4.98,58.3,0,,947.9,0,0,0,1,0,0,0,0,0,0,-1,0,,,,109,281,1583,,,,,,226,463,1014,,,,0,0,0,0,0,0,0,0,0,0,0,0,0,0,0,0,0,0,,0,0,0,0,0,0,,,,658362685
36.81623932,7/29/2016 5:14,Run,Brooks Ghost Red/Black,Middle Long Run,19336.5,120.8,6062,5694,3.3959,4.4,473.951808,365.7556109,26.92908,20.7815688,0,0,,0,85.1,149,160,6.25,76.4,0,,1899.2,0,5,0,1,0,0,0,0,0,0,-1,71.15384615,,,,103,272,1454,3074,4695,,,,217,457,921,5036,,,0,0,0,0,0,0,0,0,0,0,0,0,0,0,0,0,0,0,,0,0,0,0,0,0,,,,657259723
0,7/28/2016 6:15,Run,"ASICS dunno Black, Yellow, Red",Recovery Run,4833.3,0,1420,1420,3.4037,3.7,472.8252672,434.9574029,26.865072,24.7134888,0,0,,0,85.8,134.3,142,0,0,0,,471.4,0,0,0,1,0,0,0,1,0,0,-1,0,,,,,,,,,,,,,,,,,,0,0,0,0,0,0,0,0,0,0,0,0,0,0,0,0,0,0,,0,0,0,0,0,0,,,,656203325
43.67216117,7/27/2016 5:15,Run,Brooks Ghost Red/Black,Morning Run,20927.4,126.7,6444,6041,3.4642,4.9,464.6176128,328.4349235,26.398728,18.6610752,0,0,,0,87.4,146.5,158,6.05,75.5,0,,2055.8,0,5,0,1,0,0,0,0,0,0,-1,76.92307692,,,,97,256,1446,2946,4534,6102,,,204,422,914,4864,,,0,0,0,0,0,0,0,0,0,0,0,0,0,0,0,0,0,0,,0,0,0,0,0,0,,,,655096239
46.52777778,7/26/2016 5:29,Run,Brooks Ghost Red/Black,GA Run,16097.2,100.7,4826,4558,3.5316,4.4,455.7662208,365.7556109,25.895808,20.7815688,0,0,,0,82.9,150.3,159,6.26,79.5,0,,1579.8,0,2,0,1,0,0,0,0,0,0,-1,77.77777778,,,,98,255,1442,2948,4463,,,,203,432,915,4823,,,0,0,0,0,0,0,0,0,0,0,0,0,0,0,0,0,0,0,,0,0,0,0,0,0,,,,653912805
29.26129426,7/24/2016 8:17,Run,Brooks Ghost Red/Black,Long Run,25773.8,147.3,8358,7397,3.4844,4.9,461.881728,328.4349235,26.24328,18.6610752,0,0,,0,85,154.1,164,5.72,71.7,0,,2531.4,0,5,0,1,0,0,0,0,0,0,-1,51.38888889,,,Long Run,99,270,1415,3000,4613,6421,,,210,440,895,5094,6788,,0,0,0,0,0,0,0,0,0,0,0,0,0,0,0,0,0,0,,0,0,0,0,0,0,,,,651933678
0,7/23/2016 7:29,Run,"ASICS dunno Black, Yellow, Red",Morning Run,9656.8,45.6,3101,2904,3.3253,4.7,483.9297408,342.4201229,27.496008,19.4556888,0,0,,0,86.9,130.7,155,4.72,56.5,0,,947.3,0,0,0,1,0,0,0,0,0,0,-1,0,,,,106,272,1578,,,,,,218,445,981,,,,0,0,0,0,0,0,0,0,0,0,0,0,0,0,0,0,0,0,,0,0,0,0,0,0,,,,650512799
20.77991453,7/22/2016 5:29,Run,Brooks Ghost Red/Black,GA Run,17710,113.5,5642,5070,3.4931,5.1,460.7551872,315.5601715,26.179272,17.9295552,0,0,,0,88,150.3,161,6.41,80.6,0,,1739.8,0,4,0,1,0,0,0,0,0,0,-1,40.27777778,,,,101,258,1536,3172,4813,,,,208,429,951,5141,,,0,0,0,0,0,0,0,0,0,0,0,0,0,0,0,0,0,0,,0,0,0,0,0,0,,,,649445500
0,7/21/2016 6:45,Run,"ASICS dunno Black, Yellow, Red",Recovery Run,6440.2,0,1959,1959,3.2875,3.5,489.5624448,459.8056742,27.816048,26.1253224,0,0,,0,85.6,139,149,0,0,0,,628.1,0,0,0,1,0,0,0,1,0,0,-1,0,,,,,,,,,,,,,,,,,,0,0,0,0,0,0,0,0,0,0,0,0,0,0,0,0,0,0,,0,0,0,0,0,0,,,,648410753
57.69230769,7/20/2016 5:36,Run,Brooks Ghost Red/Black,MIddle Long Run,17706.6,112.9,5180,5009,3.535,4.5,455.2834176,357.6284237,25.868376,20.3197968,0,0,,0,84.2,149.7,160,6.38,81.1,0,,1738.4,0,4,0,1,0,0,0,0,0,0,-1,79.16666667,,,,99,262,1376,2848,4363,,,,208,419,870,4683,,,0,0,0,0,0,0,0,0,0,0,0,0,0,0,0,0,0,0,,0,0,0,0,0,0,,,,647216014
31.25,7/19/2016 5:51,Run,Brooks Ghost Red/Black,Classic LT Run,14496,90.2,4415,3899,3.7179,5.3,432.913536,303.6510259,24.59736,17.2528992,0,0,,0,84.2,148.9,166,6.22,83.3,0,,1424,0,2,0,1,0,0,0,0,0,0,-1,44.44444444,,,Workout,87,237,1418,2969,,,,,184,431,923,,,,0,0,0,0,0,0,0,0,0,0,0,0,0,0,0,0,0,0,,0,0,0,0,0,0,,,,646029304
0,7/16/2016 7:59,Run,"ASICS dunno Black, Yellow, Red",Recovery Run,8050,33.1,2728,2553,3.1532,4.3,510.3229824,374.2690406,28.995624,21.2652864,0,0,,0,84.8,142.3,153,4.11,46.7,0,,789.2,0,0,0,1,0,0,0,0,0,0,-1,0,,,,116,297,1723,,,,,,237,494,1064,,,,0,0,0,0,0,0,0,0,0,0,0,0,0,0,0,0,0,0,,0,0,0,0,0,0,,,,642628122
0,7/14/2016 5:53,Run,Brooks Ghost Red/Black,Morning Run,12880.1,90.3,3955,3751,3.4338,4.5,468.6409728,357.6284237,26.627328,20.3197968,0,0,,0,86.7,153.1,176,7.01,86.7,0,,1265.5,0,0,0,1,0,0,0,0,0,0,-1,0,,,,106,270,1445,3079,,,,,218,442,918,,,,0,0,0,0,0,0,0,0,0,0,0,0,0,0,0,0,0,0,,0,0,0,0,0,0,,,,640510902
0,7/13/2016 6:37,Run,Brooks Ghost Red/Black,Recovery Run,6443,0,1943,1943,3.316,3.6,485.3781504,447.0435763,27.578304,25.4002032,0,0,,0,85.9,139.2,147,0,0,0,,628.4,0,0,0,1,0,0,0,1,0,0,-1,0,,,,,,,,,,,,,,,,,,0,0,0,0,0,0,0,0,0,0,0,0,0,0,0,0,0,0,,0,0,0,0,0,0,,,,640205399
68.75,7/12/2016 5:41,Run,Brooks Ghost Red/Black,Morning Run,14491.6,90.4,4377,4162,3.4819,4.7,462.2035968,342.4201229,26.261568,19.4556888,0,0,,0,84.3,146.9,159,6.24,78.2,0,,1424.3,0,2,0,1,0,0,0,0,0,0,-1,75,,,,95,257,1435,2918,,,,,204,436,913,,,,0,0,0,0,0,0,0,0,0,0,0,0,0,0,0,0,0,0,,0,0,0,0,0,0,,,,638311466
31.75213675,7/10/2016 7:24,Run,Brooks Ghost Red/Black,Long Run,32200.5,187.3,10542,9509,3.3863,4.4,475.2392832,365.7556109,27.002232,20.7815688,0,0,,0,84,150.7,162,5.82,70.9,0,,3158.5,0,5,0,1,0,0,0,0,0,0,-1,78.84615385,,,,104,270,1440,2956,4585,6223,9791,,217,439,893,4946,6604,,0,0,0,0,0,0,0,0,0,0,0,0,0,0,0,0,0,0,,0,0,0,0,0,0,,,,636416077
0,7/9/2016 8:27,Run,Brooks Ghost Red/Black,Recovery Run,9665.4,45,3280,2920,3.3101,4.2,486.1828224,383.1848064,27.624024,21.771864,0,0,,0,85.7,136.1,155,4.66,55.5,0,,946.9,0,0,0,1,0,0,0,0,0,0,-1,0,,,,113,287,1584,,,,,,230,468,995,,,,0,0,0,0,0,0,0,0,0,0,0,0,0,0,0,0,0,0,,0,0,0,0,0,0,,,,635101856
22.66178266,7/7/2016 5:25,Run,Brooks Ghost Red/Black,Morning Run,19322,120.5,6204,5677,3.4036,4.4,472.8252672,365.7556109,26.865072,20.7815688,0,0,,0,81.7,150.7,159,6.24,76.4,0,,1899,0,5,0,1,0,0,0,0,0,0,-1,38.0952381,,,,101,270,1453,3116,4799,,,,213,444,911,5174,,,0,0,0,0,0,0,0,0,0,0,0,0,0,0,0,0,0,0,,0,0,0,0,0,0,,,,632959100
0,7/5/2016 5:54,Run,n/a,Morning Run,12879.8,90.8,4051,3803,3.3867,4.3,475.2392832,374.2690406,27.002232,21.2652864,0,0,,0,86.2,152.3,186,7.05,86,0,,1266,0,0,0,1,0,0,0,0,0,0,-1,0,,,,101,267,1472,3154,,,,,211,455,924,,,,0,0,0,0,0,0,0,0,0,0,0,0,0,0,0,0,0,0,,0,0,0,0,0,0,,,,630692483
34.83211233,7/3/2016 7:49,Run,n/a,Long Run,30580.9,183,9943,8891,3.4395,4.3,467.8363008,374.2690406,26.581608,21.2652864,0,0,,0,84.9,147.4,163,5.98,74.1,0,,3001.4,0,5,0,1,0,0,0,0,0,0,-1,68.05555556,,,,104,268,1411,2905,4469,6078,9765,,212,436,881,4814,6458,,0,0,0,0,0,0,0,0,0,0,0,0,0,0,0,0,0,0,,0,0,0,0,0,0,,,,628727707
0,7/2/2016 8:37,Run,n/a,Recovery Run,9662.2,46.1,3095,2981,3.2413,4,496.482624,402.336,28.20924,22.86,0,0,,0,85.9,145.3,180,4.77,55.7,0,,946.6,0,0,0,1,0,0,0,0,0,0,-1,0,,,,111,287,1553,,,,,,229,473,986,,,,0,0,0,0,0,0,0,0,0,0,0,0,0,0,0,0,0,0,,0,0,0,0,0,0,,,,627493513
60.21367521,6/30/2016 5:30,Run,n/a,Morning Run,19320.1,119.9,5740,5568,3.4698,4.3,463.8129408,374.2690406,26.353008,21.2652864,0,0,,0,86.6,147.7,157,6.21,77.5,0,,1900.9,0,5,0,1,0,0,0,0,0,0,-1,83.33333333,,,,102,265,1413,2917,4459,,,,211,434,887,4759,,,0,0,0,0,0,0,0,0,0,0,0,0,0,0,0,0,0,0,,0,0,0,0,0,0,,,,625452587
0,6/29/2016 16:24,Run,n/a,Recovery Run,6441.5,43.6,1994,1976,3.2599,4.3,493.7467392,374.2690406,28.053792,21.2652864,0,0,,0,87.4,139.5,152,6.77,79.4,0,,634.1,0,0,0,1,0,0,0,0,0,0,-1,0,,,,106,287,1529,,,,,,228,472,957,,,,0,0,0,0,0,0,0,0,0,0,0,0,0,0,0,0,0,0,,0,0,0,0,0,0,,,,624992149
0,6/28/2016 5:53,Run,n/a,Morning Run,12881.3,89.7,3811,3705,3.4767,4.3,462.8473344,374.2690406,26.298144,21.2652864,0,0,,0,85.2,143.9,154,6.96,87.2,0,,1265.9,0,0,0,1,0,0,0,0,0,0,-1,0,,,,98,251,1449,2918,,,,,201,413,888,,,,0,0,0,0,0,0,0,0,0,0,0,0,0,0,0,0,0,0,,0,0,0,0,0,0,,,,623336114
26.43772894,6/26/2016 8:04,Run,n/a,Long Run,28972.2,214.8,10072,8472,3.4198,6,470.5721856,268.2293645,26.737056,15.2403048,0,0,,0,86.6,144.7,182,7.41,91.3,0,,2845.8,0,5,0,1,0,0,0,0,0,0,-1,44.23076923,,,,105,272,1431,2994,4707,6762,,,217,447,909,5085,7135,,0,0,0,0,0,0,0,0,0,0,0,0,0,0,0,0,0,0,,0,0,0,0,0,0,,,,621554762
0,6/25/2016 8:08,Run,"ASICS dunno Black, Yellow, Red",Recovery Run,9660.6,48.2,3064,2930,3.2971,4.1,488.1140352,392.5190016,27.733752,22.302216,0,0,,0,85.7,141.7,178,4.99,59.2,0,,947.4,0,0,0,1,0,0,0,0,0,0,-1,0,,,,110,290,1535,,,,,,228,470,975,,,,0,0,0,0,0,0,0,0,0,0,0,0,0,0,0,0,0,0,,0,0,0,0,0,0,,,,620242401
43.05555556,6/23/2016 17:51,Run,n/a,Afternoon Run,16095.3,112.4,5091,4591,3.5058,4.5,458.9849088,357.6284237,26.078688,20.3197968,0,0,,0,85.9,147.9,159,6.98,88.1,0,,1581.3,0,2,0,1,0,0,0,0,0,0,-1,52.77777778,,,,101,262,1464,3191,4761,,,,207,429,913,5088,,,0,0,0,0,0,0,0,0,0,0,0,0,0,0,0,0,0,0,,0,0,0,0,0,0,,,,618817689
0,6/21/2016 5:44,Run,n/a,Morning Run,11272.5,89.3,3414,3273,3.4441,4.4,467.3534976,365.7556109,26.554176,20.7815688,0,0,,0,86.9,144.5,156,7.92,98.2,0,,1108.2,0,0,0,1,0,0,0,0,0,0,-1,0,,,,104,271,1465,3024,,,,,218,449,922,,,,0,0,0,0,0,0,0,0,0,0,0,0,0,0,0,0,0,0,,0,0,0,0,0,0,,,,615930045
49.72527473,6/19/2016 8:04,Run,n/a,Long Run,19321.8,117.4,5958,5539,3.4883,4.8,461.3989248,335.2746355,26.215848,19.0496952,0,0,,0,88.5,149.7,160,6.08,76.3,0,,1899.8,0,5,0,1,0,0,0,0,0,0,-1,76.19047619,,,,103,271,1433,2951,4538,,,,212,434,889,4938,,,0,0,0,0,0,0,0,0,0,0,0,0,0,0,0,0,0,0,,0,0,0,0,0,0,,,,614112640
0,6/16/2016 5:50,Run,n/a,Morning Run,12879.3,99.5,3856,3744,3.44,4.2,467.8363008,383.1848064,26.581608,21.771864,0,0,,0,86.1,151.3,189,7.73,95.7,0,,1266.7,0,0,0,1,0,0,0,0,0,0,-1,0,,,,103,259,1459,2948,,,,,208,425,910,,,,0,0,0,0,0,0,0,0,0,0,0,0,0,0,0,0,0,0,,0,0,0,0,0,0,,,,610975752
0,6/14/2016 5:50,Run,n/a,Morning Run,12878.9,89.7,3690,3678,3.5016,4.3,459.6286464,374.2690406,26.115264,21.2652864,0,0,,0,90.3,145.5,155,6.96,87.8,0,,1266.4,0,0,0,1,0,0,0,0,0,0,-1,0,,,,104,261,1385,2798,,,,,212,426,873,,,,0,0,0,0,0,0,0,0,0,0,0,0,0,0,0,0,0,0,,0,0,0,0,0,0,,,,608888839
18.4981685,6/12/2016 7:48,Run,n/a,Long Run,25753.8,150.1,8586,7693,3.3477,4.3,480.7110528,374.2690406,27.313128,21.2652864,0,0,,0,86.1,144.4,162,5.83,70.2,0,,2530.4,0,5,0,1,0,0,0,0,0,0,-1,36.11111111,,,,106,271,1435,3006,4645,6459,,,219,454,919,5072,6851,,0,0,0,0,0,0,0,0,0,0,0,0,0,0,0,0,0,0,,0,0,0,0,0,0,,,,607039636
0,6/11/2016 8:20,Run,n/a,Morning Run,8058.2,35.4,2577,2479,3.2506,5.5,495.0342144,292.6109261,28.126944,16.6256208,0,0,,0,85.2,147,179,4.39,51.4,0,,790.4,0,0,0,1,0,0,0,0,0,0,-1,0,,,,113,293,1551,,,,,,231,472,954,,,,0,0,0,0,0,0,0,0,0,0,0,0,0,0,0,0,0,0,,0,0,0,0,0,0,,,,605789202
50,6/9/2016 5:40,Run,n/a,Morning Run,16101.2,104.8,4770,4657,3.4574,4.6,465.4222848,349.8552922,26.444448,19.8781416,0,0,,0,87.8,144,153,6.51,81,0,,1582.7,0,2,0,1,0,0,0,0,0,0,-1,61.11111111,,,,105,270,1429,2963,4440,,,,216,437,897,4767,,,0,0,0,0,0,0,0,0,0,0,0,0,0,0,0,0,0,0,,0,0,0,0,0,0,,,,603624627
47.91666667,6/7/2016 5:49,Run,n/a,Morning Run,14488.3,99.9,4324,4201,3.4488,4.2,466.70976,383.1848064,26.5176,21.771864,0,0,,0,85.5,144.8,157,6.9,85.6,0,,1424.3,0,2,0,1,0,0,0,0,0,0,-1,48.61111111,,,,105,268,1424,2970,,,,,215,449,909,,,,0,0,0,0,0,0,0,0,0,0,0,0,0,0,0,0,0,0,,0,0,0,0,0,0,,,,601465926
0,6/5/2016 16:38,Run,n/a,Recovery Run,6438.4,67.5,1998,1968,3.2715,6.6,491.9764608,243.8478029,27.953208,13.8549888,0,0,,0,85.8,139.9,149,10.48,123.5,0,,642.5,0,0,0,1,0,0,0,0,0,0,-1,0,,,,112,285,1549,,,,,,229,470,961,,,,0,0,0,0,0,0,0,0,0,0,0,0,0,0,0,0,0,0,,0,0,0,0,0,0,,,,599913384
32.75946276,6/4/2016 8:20,Run,n/a,Morning Long Run,24148.7,160.4,7573,7137,3.3836,4.3,475.561152,374.2690406,27.02052,21.2652864,0,0,,0,87.6,153.5,181,6.64,80.9,0,,2375.2,0,5,0,1,0,0,0,0,0,0,-1,42.85714286,,,,106,268,1477,2981,4558,6176,,,216,451,932,4888,6587,,0,0,0,0,0,0,0,0,0,0,0,0,0,0,0,0,0,0,,0,0,0,0,0,0,,,,598158112
50.69444444,6/2/2016 5:40,Run,n/a,Morning Run,16100.8,101,4940,4706,3.4213,4.3,470.4112512,374.2690406,26.727912,21.2652864,0,0,,0,86.5,77.4,183,6.27,77.3,0,,1581.5,0,2,0,1,0,0,0,0,0,0,-1,51.38888889,,,,106,272,1457,3096,4587,,,,216,439,901,4929,,,0,0,0,0,0,0,0,0,0,0,0,0,0,0,0,0,0,0,,0,0,0,0,0,0,,,,596673757
13.75152625,5/29/2016 8:46,Run,n/a,Morning Run,22535,142.9,7620,6988,3.2248,4.2,499.0575744,383.1848064,28.355544,21.771864,0,0,,0,86.1,150.5,179,6.34,73.6,0,,2216.2,0,5,0,1,0,0,0,0,0,0,-1,34.61538462,,,,108,276,1484,3016,4689,6609,,,222,461,944,5081,7038,,0,0,0,0,0,0,0,0,0,0,0,0,0,0,0,0,0,0,,0,0,0,0,0,0,,,,592012496
0,5/28/2016 7:58,Run,n/a,Morning Run,8050.6,35.5,2549,2427,3.3171,4.5,485.217216,357.6284237,27.56916,20.3197968,0,0,,0,86.1,141.8,151,4.41,52.7,0,,791.2,0,0,0,1,0,0,0,0,0,0,-1,0,,,,110,281,1552,,,,,,224,463,969,,,,0,0,0,0,0,0,0,0,0,0,0,0,0,0,0,0,0,0,,0,0,0,0,0,0,Recovery,,,590655029
0,5/26/2016 5:52,Run,n/a,Morning Run,12883.1,89.8,3909,3778,3.41,4.3,472.0205952,374.2690406,26.819352,21.2652864,0,0,,0,85,150.6,160,6.97,85.6,0,,1268.2,0,0,0,1,0,0,0,0,0,0,-1,0,,,,106,269,1467,3010,,,,,217,438,896,,,,0,0,0,0,0,0,0,0,0,0,0,0,0,0,0,0,0,0,,0,0,0,0,0,0,,,,588458220
39.58333333,5/24/2016 5:40,Run,n/a,Morning Run,16012.5,101.2,4908,4714,3.3968,4.5,473.7908736,357.6284237,26.919936,20.3197968,0,0,,0,84.6,134.3,156,6.32,77.3,0,,1572.4,0,2,0,1,0,0,0,0,0,0,-1,48.61111111,,,,104,271,1495,3053,4587,,,,218,444,900,,,,0,0,0,0,0,0,0,0,0,0,0,0,0,0,0,0,0,0,,0,0,0,0,0,0,,,,587140144
0,5/21/2016 7:33,Run,n/a,Morning Run,6448.4,46.4,1852,1852,3.4819,4.3,462.2035968,374.2690406,26.261568,21.2652864,0,0,,0,85.5,131,178,7.2,90.2,0,,633.8,0,0,0,1,0,0,0,0,0,0,-1,0,,,,104,264,1404,,,,,,211,429,877,,,,0,0,0,0,0,0,0,0,0,0,0,0,0,0,0,0,0,0,,0,0,0,0,0,0,,,,587139912
80,5/19/2016 5:42,Run,n/a,Morning Run,14485.3,169.4,4380,4297,3.371,4.5,477.3314304,357.6284237,27.121104,20.3197968,0,0,,0,84.9,103.3,157,11.69,141.9,0,,1430.1,0,1,1,1,0,0,0,0,0,0,-1,80,,,,105,272,1469,3002,,,,,219,447,914,,,,0,0,0,0,0,0,0,0,0,0,0,0,0,0,0,0,0,0,,0,0,0,0,0,0,,,,580957029
0,5/17/2016 6:04,Run,n/a,Morning Run,11271.5,115.1,3420,3362,3.3526,4.3,480.0673152,374.2690406,27.276552,21.2652864,0,0,,0,84.4,,0,10.21,123.2,0,,1111.2,0,0,0,1,0,0,0,0,0,0,-1,0,,,,103,280,1480,3020,,,,,219,458,923,,,,0,0,0,0,0,0,0,0,0,0,0,0,0,0,0,0,0,0,,0,0,0,0,0,0,,,,579018868
61.96581197,5/15/2016 15:17,Run,n/a,Afternoon Run,17820.4,159.6,5416,5273,3.3796,4.3,476.2048896,374.2690406,27.057096,21.2652864,0,0,,0,84.6,142.9,159,8.96,109,0,,1756.5,0,3,1,1,0,0,0,0,0,0,-1,69.23076923,,,,100,270,1411,2936,4590,,,,213,444,903,4907,,,0,0,0,0,0,0,0,0,0,0,0,0,0,0,0,0,0,0,,0,0,0,0,0,0,,,,579018625
0,5/14/2016 8:20,Run,n/a,Morning Run,6446.4,47.2,1851,1851,3.4827,4.4,462.0426624,365.7556109,26.252424,20.7815688,0,0,,0,83.3,79.4,111,7.32,91.8,0,,634.7,0,0,0,1,0,0,0,0,0,0,-1,0,,,,105,265,1412,,,,,,214,430,881,,,,0,0,0,0,0,0,0,0,0,0,0,0,0,0,0,0,0,0,,0,0,0,0,0,0,,,,579018350
87.82051282,5/10/2016 6:03,Run,n/a,Morning Run,12882.8,129.9,3931,3840,3.3549,4.5,479.7454464,357.6284237,27.258264,20.3197968,0,0,,0,83.9,127.7,158,10.08,121.8,0,,1270.7,0,2,2,1,0,0,0,0,0,0,-1,92.30769231,,,,105,271,1472,3026,,,,,216,441,915,,,,0,0,0,0,0,0,0,0,0,0,0,0,0,0,0,0,0,0,,0,0,0,0,0,0,,,,579018209
50,5/1/2016 8:07,Run,n/a,Morning Run,16104.7,10.1,4087,4049,3.9775,5.8,404.5890816,277.466999,22.988016,15.7651704,0,0,,0,86.3,,0,0.63,9,0,,1555.6,0,12,12,49,0,0,0,0,0,0,-1,50,,,,86,229,1216,2504,3809,,,,183,380,770,4084,,,0,0,0,0,0,0,0,0,0,0,0,0,0,0,0,0,0,0,,0,0,0,0,0,0,,,,579018004
0,4/29/2016 16:28,Run,n/a,Afternoon Run,3231,24.7,968,968,3.3378,4.1,482.1594624,392.5190016,27.395424,22.302216,0,0,,0,82.7,,0,7.64,91.9,0,,318.8,0,0,0,1,0,0,0,0,0,0,-1,0,,,,106,281,,,,,,,221,460,964,,,,0,0,0,0,0,0,0,0,0,0,0,0,0,0,0,0,0,0,,0,0,0,0,0,0,,,,579017770
0,4/26/2016 16:49,Run,n/a,Afternoon Run,4835.5,27.5,1337,1337,3.6167,5.1,444.983616,315.5601715,25.28316,17.9295552,0,0,,0,85.3,133.8,159,5.69,74,0,,476,0,0,0,1,0,0,0,0,0,0,-1,0,,,,97,250,,,,,,,198,407,849,,,,0,0,0,0,0,0,0,0,0,0,0,0,0,0,0,0,0,0,,0,0,0,0,0,0,,,,579017702
0,4/25/2016 16:48,Run,n/a,Afternoon Run,4835.3,27.8,1333,1333,3.6274,5.1,443.6961408,315.5601715,25.210008,17.9295552,0,0,,0,84.7,122.9,159,5.75,75.1,0,,475.7,0,0,0,1,0,0,0,0,0,0,-1,0,,,,97,248,,,,,,,197,403,853,,,,0,0,0,0,0,0,0,0,0,0,0,0,0,0,0,0,0,0,,0,0,0,0,0,0,,,,579017553
48.46153846,4/24/2016 8:29,Run,n/a,Morning Run,14489.7,170.8,5157,4254,3.4061,4.4,472.5033984,365.7556109,26.846784,20.7815688,0,0,,0,84.5,135,159,11.79,144.5,0,,1431.9,0,2,0,1,0,0,0,0,0,0,-1,76.92307692,,,,101,270,1618,3454,,,,,214,446,942,,,,0,0,0,0,0,0,0,0,0,0,0,0,0,0,0,0,0,0,,0,0,0,0,0,0,,,,579017475
43.75,4/23/2016 7:48,Run,n/a,Morning Run,13680,39.9,4063,3931,3.48,5.1,462.5254656,315.5601715,26.279856,17.9295552,0,0,,0,85,132.5,165,2.92,36.5,0,,1340.1,0,16,0,1,0,0,0,0,0,0,-1,75.69444444,,,,88,227,1327,2805,,,,,184,407,818,,,,0,0,0,0,0,0,0,0,0,0,0,0,0,0,0,0,0,0,,0,0,0,0,0,0,,,,579017168
0,4/21/2016 16:50,Run,n/a,Afternoon Run,4834.3,27.4,1370,1356,3.5651,4.6,451.420992,349.8552922,25.64892,19.8781416,0,0,,0,84.7,138,156,5.67,72.7,0,,476.2,0,0,0,1,0,0,0,0,0,0,-1,0,,,,99,255,,,,,,,204,416,866,,,,0,0,0,0,0,0,0,0,0,0,0,0,0,0,0,0,0,0,,0,0,0,0,0,0,,,,581011990
61.53846154,4/20/2016 5:58,Run,n/a,Morning Run,11273,117.2,3409,3306,3.4099,4.8,472.0205952,335.2746355,26.819352,19.0496952,0,0,,0,84.2,132.8,169,10.4,127.6,0,,1110.9,0,1,0,1,0,0,0,0,0,0,-1,61.53846154,,,,101,269,1480,3008,,,,,212,436,889,,,,0,0,0,0,0,0,0,0,0,0,0,0,0,0,0,0,0,0,,0,0,0,0,0,0,,,,579016864
0,4/19/2016 16:18,Run,n/a,Afternoon Run,4835.9,38.1,1395,1391,3.4766,4.4,462.8473344,365.7556109,26.298144,20.7815688,0,0,,0,83.5,117.4,152,7.88,98.6,0,,476.4,0,0,0,1,0,0,0,0,0,0,-1,0,,,,104,267,,,,,,,216,438,901,,,,0,0,0,0,0,0,0,0,0,0,0,0,0,0,0,0,0,0,,0,0,0,0,0,0,,,,579016685
33.84615385,4/17/2016 8:22,Run,n/a,Morning Run,16103.4,172.1,4990,4744,3.3945,4.4,474.1127424,365.7556109,26.938224,20.7815688,0,0,,0,84.3,,0,10.69,130.6,0,,1589.5,0,2,0,1,0,0,0,0,0,0,-1,60,,,,103,272,1499,3057,4620,,,,213,450,916,4957,,,0,0,0,0,0,0,0,0,0,0,0,0,0,0,0,0,0,0,,0,0,0,0,0,0,,,,579016595
0,4/16/2016 7:20,Run,n/a,Morning Run,5045.9,38.2,1347,1315,3.8372,5.2,419.3950464,309.4929446,23.829264,17.5848264,0,0,,0,86.9,,0,7.57,104.6,0,,494.7,0,0,0,1,0,0,0,0,0,0,-1,0,,,,90,238,1328,,,,,,190,388,842,,,,0,0,0,0,0,0,0,0,0,0,0,0,0,0,0,0,0,0,,0,0,0,0,0,0,,,,579016331
43.51851852,4/14/2016 16:28,Run,n/a,Afternoon Run,5638.6,39.9,1828,1661,3.3947,6.8,474.1127424,236.6701286,26.938224,13.4471664,0,0,,0,83.1,,0,7.08,86.5,0,,555.1,0,2,0,1,0,0,0,0,0,0,-1,58.33333333,,,,105,257,1625,,,,,,219,467,956,,,,0,0,0,0,0,0,0,0,0,0,0,0,0,0,0,0,0,0,,0,0,0,0,0,0,,,,581011975
60.25641026,4/13/2016 16:14,Run,n/a,Afternoon Run,12077.8,118.9,3758,3586,3.368,4.6,477.8142336,349.8552922,27.148536,19.8781416,0,0,,0,83,,0,9.84,119.4,0,,1192.3,0,2,0,1,0,0,0,0,0,0,-1,66.66666667,,,,104,275,1523,3080,,,,,218,444,966,,,,0,0,0,0,0,0,0,0,0,0,0,0,0,0,0,0,0,0,,0,0,0,0,0,0,,,,579016232
0,4/12/2016 16:36,Run,n/a,Afternoon Run,3231.4,26.3,980,980,3.2973,5,488.1140352,321.8688,27.733752,18.288,0,0,,0,83.3,136.7,152,8.14,96.6,0,,318.7,0,0,0,1,0,0,0,0,0,0,-1,0,,,,101,272,,,,,,,218,442,974,,,,0,0,0,0,0,0,0,0,0,0,0,0,0,0,0,0,0,0,,0,0,0,0,0,0,,,,579016018
40.74074074,4/11/2016 16:38,Run,n/a,Afternoon Run,5914.6,39.9,1967,1798,3.2895,6.1,489.240576,263.8197619,27.79776,14.9897592,0,0,,0,82.1,132.2,163,6.75,79.9,0,,582.9,0,6,1,1,0,0,0,0,0,0,-1,62.5,,,,106,281,1666,,,,,,215,465,982,,,,0,0,0,0,0,0,0,0,0,0,0,0,0,0,0,0,0,0,,0,0,0,0,0,0,,,,579015926
24.79700855,4/10/2016 8:26,Run,n/a,Morning Run,19319.9,171.3,6276,6088,3.1734,4.3,507.1042944,374.2690406,28.812744,21.2652864,0,0,,0,83.2,,0,8.87,101.3,0,,1905.6,0,4,0,1,0,0,0,0,0,0,-1,40,,,,104,288,1515,3177,4805,,,,226,477,970,5175,,,0,0,0,0,0,0,0,0,0,0,0,0,0,0,0,0,0,0,,0,0,0,0,0,0,,,,579015773
43.27160494,4/9/2016 8:57,Run,n/a,Morning Run,12884.8,39.9,4119,3770,3.4177,5.5,470.8940544,292.6109261,26.755344,16.6256208,0,0,,0,85.6,138.8,177,3.1,38.1,0,,1264.5,0,15,0,1,0,0,0,0,0,0,-1,79.62962963,,,,87,226,1416,3026,,,,,179,411,888,,,,0,0,0,0,0,0,0,0,0,0,0,0,0,0,0,0,0,0,,0,0,0,0,0,0,,,,579015484
0,4/8/2016 17:01,Run,n/a,Afternoon Run,6441.7,46.7,1899,1889,3.4101,4.5,471.8596608,357.6284237,26.810208,20.3197968,0,0,,0,82.6,135.5,156,7.25,89,0,,634.5,0,0,0,1,0,0,0,0,0,0,-1,0,,,,103,263,1443,,,,,,211,433,904,,,,0,0,0,0,0,0,0,0,0,0,0,0,0,0,0,0,0,0,,0,0,0,0,0,0,,,,579015224
0,4/7/2016 16:34,Run,n/a,Afternoon Run,4833.7,37.1,1477,1453,3.3267,4.4,483.7688064,365.7556109,27.486864,20.7815688,0,0,,0,83.3,,0,7.68,91.9,0,,476.1,0,0,0,1,0,0,0,0,0,0,-1,0,,,,102,277,,,,,,,222,462,949,,,,0,0,0,0,0,0,0,0,0,0,0,0,0,0,0,0,0,0,,0,0,0,0,0,0,,,,579015099
0,4/6/2016 16:24,Run,n/a,Afternoon Run,11271.4,93.2,3595,3434,3.2823,4.3,490.3671168,374.2690406,27.861768,21.2652864,0,0,,0,82,135.5,160,8.27,97.7,0,,1110.8,0,0,0,1,0,0,0,0,0,0,-1,0,,,,106,285,1534,3193,,,,,227,467,977,,,,0,0,0,0,0,0,0,0,0,0,0,0,0,0,0,0,0,0,,0,0,0,0,0,0,,,,579014994
0,4/5/2016 16:45,Run,n/a,Afternoon Run,6449,45.9,1918,1918,3.3624,4.3,478.6189056,374.2690406,27.194256,21.2652864,0,0,,0,82.5,,0,7.12,86.2,0,,635.2,0,0,0,1,0,0,0,0,0,0,-1,0,,,,107,276,1457,,,,,,222,448,918,,,,0,0,0,0,0,0,0,0,0,0,0,0,0,0,0,0,0,0,,0,0,0,0,0,0,,,,579014752
0,3/30/2016 6:24,Run,n/a,Morning Run,127.8,0,3646,3646,0.0351,1.3,45912.97498,1237.955685,2608.69176,70.3383912,0,0,,0,57.5,114.4,137,0,0,0,,12.5,0,0,0,1,0,0,0,1,0,0,-1,0,,,,,,,,,,,,,,,,,,0,0,0,0,0,0,0,0,0,0,0,0,0,0,0,0,0,0,,0,0,0,0,0,0,,,,579014576
0,3/24/2016 16:23,Run,n/a,Afternoon Run,896.4,0,1394,1394,0.643,1.7,2502.690854,946.6805146,142.198344,53.7886656,0,0,,0,50.7,140.1,166,0,0,0,,87.4,0,0,0,1,0,0,0,1,0,0,-1,0,,,,,,,,,,,,,,,,,,0,0,0,0,0,0,0,0,0,0,0,0,0,0,0,0,0,0,,0,0,0,0,0,0,,,,579014512
0,3/22/2016 16:44,Run,n/a,Afternoon Run,797.2,0,1449,1449,0.5502,1.9,2925.143654,847.0299341,166.201344,48.1267008,0,0,,0,54.4,132.7,162,0,0,0,,77.8,0,0,0,1,0,0,0,1,0,0,-1,0,,,,,,,,,,,,,,,,,,0,0,0,0,0,0,0,0,0,0,0,0,0,0,0,0,0,0,,0,0,0,0,0,0,,,,579397195
41.66666667,3/16/2016 16:23,Run,n/a,Afternoon Run,12877.6,171,4281,4023,3.201,4.5,502.7590656,357.6284237,28.565856,20.3197968,0,0,,0,82.2,153.8,165,13.28,153,0,,1272.3,0,6,4,1,0,0,0,0,0,0,-1,50,,,,102,284,1603,3280,,,,,217,473,984,,,,0,0,0,0,0,0,0,0,0,0,0,0,0,0,0,0,0,0,,0,0,0,0,0,0,,,,579014427
0,3/14/2016 16:32,Run,n/a,Afternoon Run,3227.3,27.4,1045,943,3.4224,5.4,470.2503168,298.0344154,26.718768,16.9337736,0,0,,0,84,86.2,157,8.49,104.6,0,,317.3,0,0,0,1,0,0,0,0,0,0,-1,0,,,,104,290,,,,,,,231,473,1042,,,,0,0,0,0,0,0,0,0,0,0,0,0,0,0,0,0,0,0,,0,0,0,0,0,0,,,,579014223
0,3/8/2016 16:30,Run,n/a,Afternoon Run,4832.7,27.7,1490,1444,3.3467,4.2,480.8719872,383.1848064,27.322272,21.771864,0,0,,0,83.2,152.1,164,5.73,69.1,0,,474.6,0,0,0,1,0,0,0,0,0,0,-1,0,,,,105,277,,,,,,,216,458,941,,,,0,0,0,0,0,0,0,0,0,0,0,0,0,0,0,0,0,0,,0,0,0,0,0,0,,,,579014134
38.46153846,3/5/2016 12:22,Run,n/a,Lunch Run,11281.9,125.1,3689,3347,3.3707,4.5,477.4923648,357.6284237,27.130248,20.3197968,0,0,,0,82.8,150.4,182,11.09,134.6,0,,1112.8,0,1,0,1,0,0,0,0,0,0,-1,38.46153846,,,,95,269,1556,3177,,,,,210,452,927,,,,0,0,0,0,0,0,0,0,0,0,0,0,0,0,0,0,0,0,,0,0,0,0,0,0,,,,579014065
0,2/25/2016 16:33,Run,n/a,Afternoon Run,6205.6,27.8,2004,1772,3.502,6.1,459.467712,263.8197619,26.10612,14.9897592,0,0,,0,84.5,147.4,164,4.48,56.5,0,,609.1,0,0,0,1,0,0,0,0,0,0,-1,0,,,,106,282,1559,,,,,,226,456,924,,,,0,0,0,0,0,0,0,0,0,0,0,0,0,0,0,0,0,0,,0,0,0,0,0,0,,,,581012499
15.38461538,2/24/2016 16:10,Run,n/a,Afternoon Run,11283.8,123.1,3741,3511,3.2138,4.3,500.8278528,374.2690406,28.456128,21.2652864,0,0,,0,82.1,139,159,10.91,126.2,0,,1112.3,0,1,0,1,0,0,0,0,0,0,-1,15.38461538,,,,104,280,1607,3263,,,,,219,470,1003,,,,0,0,0,0,0,0,0,0,0,0,0,0,0,0,0,0,0,0,,0,0,0,0,0,0,,,,579013790
0,2/22/2016 16:28,Run,n/a,Afternoon Run,5820.7,27.8,1993,1584,3.6747,6.1,437.9025024,263.8197619,24.880824,14.9897592,0,0,,0,84.9,144.4,169,4.78,63.2,0,,573,0,0,0,1,0,0,0,0,0,0,-1,0,,,,106,276,1526,,,,,,219,447,904,,,,0,0,0,0,0,0,0,0,0,0,0,0,0,0,0,0,0,0,,0,0,0,0,0,0,,,,579013604
58.97435897,2/21/2016 15:47,Run,n/a,Afternoon Run,12875.1,129.8,3986,3878,3.32,5,484.7344128,321.8688,27.541728,18.288,0,0,,0,82.6,148.3,170,10.08,120.5,0,,1270.2,0,2,0,1,0,0,0,0,0,0,-1,84.61538462,,,,95,283,1498,3090,,,,,218,464,952,,,,0,0,0,0,0,0,0,0,0,0,0,0,0,0,0,0,0,0,,0,0,0,0,0,0,,,,579013471
30.76923077,2/20/2016 8:00,Run,n/a,Morning Run,11514.1,118.9,3612,3384,3.4025,5,472.9862016,321.8688,26.874216,18.288,0,0,,0,84,156.7,173,10.33,126.5,0,,1135,0,1,0,1,0,0,0,0,0,0,-1,30.76923077,,,,91,249,1435,3093,,,,,196,421,866,,,,0,0,0,0,0,0,0,0,0,0,0,0,0,0,0,0,0,0,,0,0,0,0,0,0,,,,579013185
0,2/19/2016 16:35,Run,n/a,Afternoon Run,4838,27.7,1459,1417,3.4143,4.8,471.3768576,335.2746355,26.782776,19.0496952,0,0,,0,83.8,141.2,156,5.73,70.4,0,,475.5,0,0,0,1,0,0,0,0,0,0,-1,0,,,,109,287,,,,,,,224,466,934,,,,0,0,0,0,0,0,0,0,0,0,0,0,0,0,0,0,0,0,,0,0,0,0,0,0,,,,579012951
0,2/18/2016 16:32,Run,n/a,Afternoon Run,4829.1,27.8,1477,1410,3.4249,5,469.928448,321.8688,26.70048,18.288,0,0,,0,82.6,133.1,153,5.76,71,0,,474.5,0,0,0,1,0,0,0,0,0,0,-1,0,,,,109,283,,,,,,,224,463,938,,,,0,0,0,0,0,0,0,0,0,0,0,0,0,0,0,0,0,0,,0,0,0,0,0,0,,,,579012867
30.55555556,2/17/2016 16:10,Run,n/a,Afternoon Run,8051.7,42.5,2592,2380,3.3831,4.8,475.7220864,335.2746355,27.029664,19.0496952,0,0,,0,82.6,139,157,5.28,64.3,0,,790.3,0,2,0,1,0,0,0,0,0,0,-1,40.27777778,,,,106,280,1588,,,,,,221,461,958,,,,0,0,0,0,0,0,0,0,0,0,0,0,0,0,0,0,0,0,,0,0,0,0,0,0,,,,579012763
0,2/11/2016 16:58,Run,n/a,Afternoon Run,10,0,22,0,Infinity,0.5,0,3218.688,0,182.88,0,0,,0,0,,0,0,0,0,,0,0,0,0,1,0,0,0,0,0,0,-1,0,,,,,,,,,,,,,,,,,,0,0,0,0,0,0,0,0,0,0,0,0,0,0,0,0,0,0,,0,0,0,0,0,0,,,,579012568
80,2/10/2016 16:33,Run,n/a,Afternoon Run,6448.9,46,2015,1964,3.2836,4.1,490.045248,392.5190016,27.84348,22.302216,0,0,,0,81.1,,0,7.13,84.3,0,,636.3,0,1,1,1,0,0,0,0,0,0,-1,80,,,,106,280,1511,,,,,,222,466,953,,,,0,0,0,0,0,0,0,0,0,0,0,0,0,0,0,0,0,0,,0,0,0,0,0,0,,,,579012553
0,2/9/2016 16:51,Run,n/a,Afternoon Run,4842.3,34.9,1444,1433,3.3791,4.5,476.2048896,357.6284237,27.057096,20.3197968,0,0,,0,81.7,152.7,243,7.21,87.7,0,,474.7,0,0,0,1,0,0,0,0,0,0,-1,0,,,,106,268,,,,,,,216,447,931,,,,0,0,0,0,0,0,0,0,0,0,0,0,0,0,0,0,0,0,,0,0,0,0,0,0,,,,579012434
46.15384615,2/7/2016 8:08,Run,n/a,Morning Run,9665.2,99.4,3181,2887,3.3478,4.4,480.7110528,365.7556109,27.313128,20.7815688,0,0,,0,82.4,,0,10.28,123.9,0,,954.7,0,1,0,1,0,0,0,0,0,0,-1,46.15384615,,,,103,274,1570,,,,,,217,456,950,,,,0,0,0,0,0,0,0,0,0,0,0,0,0,0,0,0,0,0,,0,0,0,0,0,0,,,,579012312
0,2/5/2016 16:44,Run,n/a,Afternoon Run,4850,37.4,1439,1436,3.3774,4.5,476.5267584,357.6284237,27.075384,20.3197968,0,0,,0,81.4,145.2,160,7.71,93.8,0,,476.6,0,0,0,1,0,0,0,0,0,0,-1,0,,,,106,279,,,,,,,220,452,923,,,,0,0,0,0,0,0,0,0,0,0,0,0,0,0,0,0,0,0,,0,0,0,0,0,0,,,,579012102
0,2/4/2016 16:38,Run,n/a,Afternoon Run,4832.6,27.8,1527,1403,3.4445,4.4,467.1925632,365.7556109,26.545032,20.7815688,0,0,,0,81.7,147.5,165,5.75,71.3,0,,475,0,0,0,1,0,0,0,0,0,0,-1,0,,,,102,279,,,,,,,221,454,920,,,,0,0,0,0,0,0,0,0,0,0,0,0,0,0,0,0,0,0,,0,0,0,0,0,0,,,,579011991
40,2/3/2016 6:54,Run,n/a,Morning Run,6447.5,45.1,2073,2005,3.2157,4,500.505984,402.336,28.43784,22.86,0,0,,0,82.3,141.9,162,6.99,81,0,,636.7,0,1,0,1,0,0,0,0,0,0,-1,40,,,,105,284,1533,,,,,,224,472,955,,,,0,0,0,0,0,0,0,0,0,0,0,0,0,0,0,0,0,0,,0,0,0,0,0,0,,,,579011895
0,2/2/2016 16:39,Run,n/a,Afternoon Run,4835.3,27.8,1492,1475,3.2782,5.6,490.84992,287.3805581,27.8892,16.3284408,0,0,,0,81.5,146.3,175,5.75,67.9,0,,474.4,0,0,0,1,0,0,0,0,0,0,-1,0,,,,112,300,,,,,,,236,483,984,,,,0,0,0,0,0,0,0,0,0,0,0,0,0,0,0,0,0,0,,0,0,0,0,0,0,,,,579011711
20,1/31/2016 8:06,Run,n/a,Morning Run,6769.8,47.6,2192,2144,3.1576,4,509.6792448,402.336,28.959048,22.86,0,0,,0,80.9,,0,7.03,79.9,0,,666.7,0,1,0,1,0,0,0,0,0,0,-1,20,,,,111,294,1596,,,,,,235,478,961,,,,0,0,0,0,0,0,0,0,0,0,0,0,0,0,0,0,0,0,,0,0,0,0,0,0,,,,579011578
0,1/30/2016 16:18,Run,n/a,Afternoon Run,2196.5,23.3,671,671,3.2735,4.3,491.654592,374.2690406,27.93492,21.2652864,0,0,,0,80.7,145.8,161,10.61,125,0,,217.8,0,0,0,1,0,0,0,0,0,0,-1,0,,,,113,294,,,,,,,234,489,,,,,0,0,0,0,0,0,0,0,0,0,0,0,0,0,0,0,0,0,,0,0,0,0,0,0,,,,579011438
60,1/20/2016 6:18,Run,n/a,Morning Run,6450.5,47.1,1996,1996,3.2317,4.1,497.9310336,392.5190016,28.291536,22.302216,0,0,,0,81.6,151.9,168,7.3,84.9,0,,637.9,0,1,0,1,0,0,0,0,0,0,-1,60,,,,109,286,1521,,,,,,228,463,945,,,,0,0,0,0,0,0,0,0,0,0,0,0,0,0,0,0,0,0,,0,0,0,0,0,0,,,,579011362
