"Activity Score","When","Type","Gear","Name","Dist mi","Elv ft","Elapsed Time","Moving Time","Speed mph","Max Speed mph","Pace /mi","Max Pace /mi","Pace /100yds","Max Pace /100yds","Pwr W","Weighted Avg Pwr W","Max Pwr W","Power Meter","Cad","Heart","Max Heart","Elev/Dist ft/mi","Elev/Time ft/h","W/HR","Speed/HR","Temp Â°C","Cal","Energy kJ","Segs","PRs","Others","Kudos","Comments","Com","Trn","Man","Pri","Dist away mi","Activity Score 25%","Training Load","Intesity %","Segment PRs (K/QOM positions)","All segments (personal positions)","Ride/Run Type","400m","1 km","5 km","10 km","15 km","20 km","30 km","50 km","1/2 Mile","1 mile","2 mile","10 mile","Half Marathon","Marathon","Suffer Score","Points in red","% in red","H/R Zone 1","H/R Zone 2","H/R Zone 3","H/R Zone 4","H/R Zone 5","Power 0W","Power 0-50W","Power 50-100W","Power 100-150W","Power 150-200W","Power 200-250W","Power 250-300W","Power 300-350W","Power 350-400W","Power 400-450W","Power 450W+","Pace Zone 1","Pace Zone 2","Pace Zone 3","Pace Zone 4","Pace Zone 5","Flagged","Description","City","State","Tiles calculated","Activity Id","Activity Id"
70.20635704639281,"2017-11-19 07:00:55","Run","Saucony Fastwitch Reds","MARATHON PR BUT WIND IS THE DEVIL, BOBBY BOUCHER",42498.9,190.1,11271,11242,3.7804,7.1,425.671488,226.67610240000002,24.18588,12.879324,0,0,,0,92,,0,4.47,60.9,0,0,,3784,0,20,6,151,4,0,0,0,0,0,-1,96.26953587235651,,,,,"Race",90,238,1259,2539,3852,5135,7813,,191,395,803,4129,5431,11194,0,0,0,0,0,0,0,0,0,0,0,0,0,0,0,0,0,0,,0,0,0,0,0,0,"",,,0,1282195171,1282195171
0,"2017-11-17 07:33:07","Run","Saucony kinvara 6","Morning treadmill rec",8065.5,0,2581,2581,3.125,4.9,514.99008,328.43492352000004,29.2608,18.6610752,0,0,,0,85.1,,0,0,0,0,0,,714.7,0,0,0,1,0,0,0,1,0,0,-1,0,,,,,"",,,,,,,,,,,,,,,0,0,0,0,0,0,0,0,0,0,0,0,0,0,0,0,0,0,,0,0,0,0,0,0,"6*100m strides + 1 bathroom break",,,0,1279265174,1279265174
35.55979420446364,"2017-11-16 12:10:59","Run","Salomon Red Trail","Lunch Run",9662.2,26.6,3244,2971,3.2522,6.1,494.87328,263.81976192,28.1178,14.989759199999998,0,0,,0,86.4,,0,2.75,32.2,0,0,,858.1,0,6,0,1,0,0,0,0,0,0,-1,46.66056166056166,,,,,"",112,299,1596,,,,,,241,489,987,,,,0,0,0,0,0,0,0,0,0,0,0,0,0,0,0,0,0,0,,0,0,0,0,0,0,"",,,0,1278002388,1278002388
52.22053512184658,"2017-11-15 16:11:39","Run","Salomon Red Trail","Afternoon Run",14498.3,32.1,4728,4213,3.4413,5.6,467.67536640000003,287.38055808,26.572464,16.3284408,0,0,,0,88.8,,0,2.21,27.4,0,0,,1287,0,10,1,1,0,0,0,0,0,0,-1,98.57270944359753,,,,,"",93,245,1355,2964,,,,,193,393,837,,,,0,0,0,0,0,0,0,0,0,0,0,0,0,0,0,0,0,0,,0,0,0,0,0,0,"",,,0,1278002080,1278002080
24.204435872709738,"2017-11-14 16:16:41","Run","Salomon Red Trail","Afternoon Run",9659.2,39.2,3329,3203,3.0157,4.9,533.6584704,328.43492352000004,30.321504,18.6610752,0,0,,0,85.4,,0,4.06,44.1,0,0,,861.7,0,2,0,1,0,0,0,0,0,0,-1,35.29411764705882,,,,,"",120,312,1651,,,,,,246,503,1032,,,,0,0,0,0,0,0,0,0,0,0,0,0,0,0,0,0,0,0,,0,0,0,0,0,0,"",,,0,1278001577,1278001577
59.063014326663165,"2017-11-12 11:22:07","Run","adidas Red Adistars","last ml",20924.5,84.7,6548,5891,3.5519,6.3,453.030336,255.45117312000002,25.740359999999995,14.514271200000001,0,0,,0,90.1,,0,4.05,51.8,0,0,,1863.9,0,10,2,1,0,0,0,0,0,0,-1,81.66666666666667,,,,,"",102,262,1409,2977,4580,6225,,,209,433,889,4927,,,0,0,0,0,0,0,0,0,0,0,0,0,0,0,0,0,0,0,,0,0,0,0,0,0,"",,,0,1272897093,1272897093
44.76633758734364,"2017-11-11 15:49:01","Run","Saucony Black Iso","ga",16204.9,39.9,5097,4790,3.3831,11.6,475.72208639999997,138.74154624,27.029663999999997,7.883042399999999,0,0,,0,88.6,,0,2.46,30,0,0,,1439,0,8,0,1,0,0,0,0,0,0,-1,64.75464190981432,,,,,"",92,279,1434,3047,4655,,,,222,455,927,5061,,,0,0,0,0,0,0,0,0,0,0,0,0,0,0,0,0,0,0,,0,0,0,0,0,0,"10*100m strides throughout",,,0,1272896621,1272896621
37.263906719100675,"2017-11-10 12:09:46","Run","adidas Red Adistars","Lunch Recovery",9671.2,28.8,3233,2987,3.2378,9.2,497.12636160000005,174.93569280000003,28.245816,9.939528000000001,0,0,,0,86.4,,0,2.98,34.7,0,0,,859.9,0,9,1,1,0,0,0,0,0,0,-1,76.28205128205128,,,,,"",105,302,1607,,,,,,241,494,1020,,,,0,0,0,0,0,0,0,0,0,0,0,0,0,0,0,0,0,0,,0,0,0,0,0,0,"",,,0,1272897105,1272897105
49.65151515151515,"2017-11-09 11:51:17","Run","Saucony kinvara 6","Lunch vo2",14497.5,31.7,4478,3953,3.6675,6.4,438.8681088,251.46,24.935688,14.2875,0,0,,0,90.4,,0,2.19,28.9,0,0,,1287.3,0,5,1,1,0,0,0,0,0,0,-1,87.5,,,,,"",81,210,1388,2867,,,,,167,343,863,,,,0,0,0,0,0,0,0,0,0,0,0,0,0,0,0,0,0,0,,0,0,0,0,0,0,"3*1600m @ 5k pace",,,0,1272896979,1272896979
64.75900508421651,"2017-11-07 12:10:05","Run","Saucony Black Iso","Lunch ga",12878.3,33.7,3968,3713,3.4684,10.3,463.9738752,156.25120895999999,26.362152,8.877909599999999,0,0,,0,88.3,,0,2.62,32.7,0,0,,1143.2,0,11,0,1,0,0,0,0,0,0,-1,83.30205856521647,,,,,"",99,271,1442,2929,,,,,217,455,921,,,,0,0,0,0,0,0,0,0,0,0,0,0,0,0,0,0,0,0,,0,0,0,0,0,0,"8*100m strides",,,0,1272895696,1272895696
30.86292429160124,"2017-11-05 16:45:18","Run","Salomon Red Trail","last long run, fast finish",27373.3,108.9,9004,7796,3.5112,4.9,458.3411712,328.43492352000004,26.042112,18.6610752,0,0,,0,89.2,,0,3.98,50.3,0,0,,2438,0,14,1,1,1,0,0,0,0,0,-1,63.40909090909091,,,,,"",101,263,1509,3180,4799,6546,,,211,433,926,5195,6907,,0,0,0,0,0,0,0,0,0,0,0,0,0,0,0,0,0,0,,0,0,0,0,0,0,"for last 5 out of 5.5",,,0,1263280218,1263280218
36.21912999925846,"2017-11-04 17:37:39","Run","Saucony Black Iso","evening ga",17711.3,134.9,5795,5199,3.4067,4.5,472.342464,357.62842368,26.837639999999997,20.3197968,0,0,,0,88.4,,0,7.62,93.4,0,0,,1592.7,0,12,0,1,0,0,0,0,0,0,-1,66.78313430635411,,,,,"",108,283,1528,3130,4773,,,,228,465,973,5209,,,0,0,0,0,0,0,0,0,0,0,0,0,0,0,0,0,0,0,,0,0,0,0,0,0,"",,,0,1261455582,1261455582
42.79009976147382,"2017-11-03 11:53:05","Run","adidas Red Adistars","Lunch ga",12895.9,22,4010,3678,3.5062,9,458.9849088,178.81421184,26.078688,10.1598984,0,0,,0,89.2,,0,1.71,21.5,0,0,,1143.5,0,7,0,1,0,0,0,0,0,0,-1,94.60207370043435,,,,,"",100,270,1406,3008,,,,,215,437,899,,,,0,0,0,0,0,0,0,0,0,0,0,0,0,0,0,0,0,0,,0,0,0,0,0,0,"8*100m strides throughout",,,0,1259529982,1259529982
15.22822243651559,"2017-11-02 17:31:09","Run","Saucony Black Iso","Afternoon Recovery",9663,38.9,3399,3132,3.0852,4.6,521.5883904,349.85529216000003,29.635704,19.8781416,0,0,,0,87,,0,4.03,44.7,0,0,,860.6,0,2,0,1,0,0,0,0,0,0,-1,19.672131147540984,,,,,"",115,302,1657,,,,,,240,503,1011,,,,0,0,0,0,0,0,0,0,0,0,0,0,0,0,0,0,0,0,,0,0,0,0,0,0,"",,,0,1258635393,1258635393
78.55679156908666,"2017-11-01 17:25:28","Run","Saucony kinvara 6","Afternoon VO2",16103.3,37.9,4979,4485,3.5905,6.4,448.2023040000001,251.46,25.466040000000003,14.2875,0,0,,0,90.1,,0,2.35,30.4,0,0,,1430.5,0,2,0,1,0,0,0,0,0,0,-1,80.32786885245902,,,,,"",81,245,1380,2819,4599,,,,167,407,847,4975,,,0,0,0,0,0,0,0,0,0,0,0,0,0,0,0,0,0,0,,0,0,0,0,0,0,"1.5 mi wu, 5*800m @ ~5:45 min/mi pace, ~5mi cd",,,0,1258635200,1258635200
76.70662548188838,"2017-10-31 06:01:38","Run","adidas Red Adistars","Morning ml",20935,136.9,6391,6002,3.488,4.8,461.39892480000003,335.27463552,26.215848,19.0496952,0,0,,0,89,,0,6.54,82.1,0,0,,1877.7,0,15,1,1,0,0,0,0,0,0,-1,95.87680364955472,,,,,"",101,272,1400,2922,4478,6070,,,214,442,891,4800,,,0,0,0,0,0,0,0,0,0,0,0,0,0,0,0,0,0,0,,0,0,0,0,0,0,"",,,0,1254852565,1254852565
0,"2017-10-30 12:05:00","Run","Saucony Black Iso","Lunch recovery",6437.4,0,2104,2104,3.0596,0,525.9336192,0,29.882592,0,0,0,,0,0,,0,0,0,0,0,,570.4,0,0,0,1,0,0,0,1,1,0,-1,0,,,,,"",,,,,,,,,,,,,,,0,0,0,0,0,0,0,0,0,0,0,0,0,0,0,0,0,0,,0,0,0,0,0,0,"",,,0,1329382851,1329382851
50,"2017-10-29 09:03:28","Run","Salomon Red Trail","tune up Oktoberfest 13.1 half",21154.1,189.4,5747,5583,3.789,6.2,424.70588160000005,259.57109376,24.131016000000002,14.748357599999999,0,0,,0,91.2,,0,8.95,122.1,0,0,,1928.5,0,1,1,7,0,0,0,0,0,0,-1,50,,,,,"",92,245,1271,2561,3955,5432,,,191,398,807,4351,5730,,0,0,0,0,0,0,0,0,0,0,0,0,0,0,0,0,0,0,,0,0,0,0,0,0,"",,,0,1254852088,1254852088
36.36363636363637,"2017-10-28 11:30:55","Run","Saucony Black Iso","Lunch Recovery",9662.7,44.5,3575,3080,3.1372,6.9,513.0588672,233.24222592,29.151071999999996,13.2523992,0,0,,0,88.2,,0,4.61,52,0,0,,860.5,0,1,0,1,0,0,0,0,0,0,-1,36.36363636363637,,,,,"",107,294,1643,,,,,,237,496,1039,,,,0,0,0,0,0,0,0,0,0,0,0,0,0,0,0,0,0,0,,0,0,0,0,0,0,"",,,0,1254842984,1254842984
42.63098682095789,"2017-10-27 06:54:37","Run","Salomon Red Trail","Morning Recovery",9663.9,39.2,3289,3136,3.0816,4,522.232128,402.336,29.67228,22.86,0,0,,0,88,,0,4.06,45,0,0,,860.8,0,2,0,1,0,0,0,0,0,0,-1,45.09803921568627,,,,,"",121,314,1649,,,,,,251,503,1045,,,,0,0,0,0,0,0,0,0,0,0,0,0,0,0,0,0,0,0,,0,0,0,0,0,0,"",,,0,1254842681,1254842681
50.503515184551276,"2017-10-26 17:23:23","Run","adidas Red Adistars","easy ml",20933.6,132.5,6988,6255,3.3467,4.7,480.87198720000004,342.42012288,27.322272,19.455688799999997,0,0,,0,89.2,,0,6.33,76.3,0,0,,1877.8,0,15,0,1,0,0,0,0,0,0,-1,70.3158796095151,,,,,"",104,283,1523,3129,4804,6585,,,225,467,941,5127,,,0,0,0,0,0,0,0,0,0,0,0,0,0,0,0,0,0,0,,0,0,0,0,0,0,"",,,0,1254842454,1254842454
0,"2017-10-26 12:12:00","Run","Saucony Black Iso","Lunch recovery",6437.4,0,2009,2009,3.2043,0,502.2762624,0,28.538424,0,0,0,,0,0,,0,0,0,0,0,,570.4,0,0,0,1,0,0,0,1,1,0,-1,0,,,,,"",,,,,,,,,,,,,,,0,0,0,0,0,0,0,0,0,0,0,0,0,0,0,0,0,0,,0,0,0,0,0,0,"",,,0,1329381408,1329381408
41.89991520127817,"2017-10-25 17:38:05","Run","Saucony Kinvara 7 Waterproof","Afternoon ga",12889.5,30.2,4257,3945,3.2673,6.5,492.6201984,247.59757439999998,27.989783999999997,14.068043999999999,0,0,,0,87.7,125.2,139,2.34,27.6,0,0.0584,,1144.9,0,8,0,1,0,0,0,0,0,0,-1,57.770813243330124,,,,,"",92,272,1566,3275,,,,,212,440,973,,,,0,0,0,0,0,0,0,0,0,0,0,0,0,0,0,0,0,0,,0,0,0,0,0,0,"",,,0,1254834032,1254834032
0,"2017-10-25 11:59:29","Run","Saucony Black Iso","Lunch treadmill recovery",6438.8,0,2016,2016,3.1938,3.7,503.8856064,434.95740288,28.629863999999998,24.7134888,0,0,,0,87.8,124.1,135,0,0,0,0.0576,,570.6,0,0,0,1,0,0,0,1,0,0,-1,0,,,,,"",,,,,,,,,,,,,,,0,0,0,0,0,0,0,0,0,0,0,0,0,0,0,0,0,0,,0,0,0,0,0,0,"",,,0,1254833650,1254833650
0,"2017-10-24 17:40:21","Run","adidas Red Adistars","Afternoon vO2",14845.6,0,5210,5210,2.8494,4.8,564.7188096,335.27463552,32.086296,19.0496952,0,0,,0,92.8,134.5,168,0,0,0,0.0474,,1315.5,0,0,0,1,0,0,0,1,0,0,-1,0,,,,,"",,,,,,,,,,,,,,,0,0,0,0,0,0,0,0,0,0,0,0,0,0,0,0,0,0,,0,0,0,0,0,0,"",,,0,1254833445,1254833445
0,"2017-10-24 11:50:00","Run","Saucony Black Iso","Lunch recovery",6437.4,0,2055,2055,3.1326,0,513.7026048,0,29.187648,0,0,0,,0,0,,0,0,0,0,0,,570.4,0,0,0,1,0,0,0,1,1,0,-1,0,,,,,"",,,,,,,,,,,,,,,0,0,0,0,0,0,0,0,0,0,0,0,0,0,0,0,0,0,,0,0,0,0,0,0,"",,,0,1329375254,1329375254
17.347260227026464,"2017-10-23 17:15:03","Run","Saucony Black Iso","Afternoon ga",16105.8,35.4,5442,4904,3.2842,5.3,490.045248,303.65102592,27.84348,17.252899199999998,0,0,,0,88.7,128.1,142,2.2,26,0,0.0574,,1430.6,0,8,0,1,1,0,0,0,0,0,-1,38.38509316770187,,,,,"",111,286,1614,3376,5067,,,,232,477,1019,5437,,,0,0,0,0,0,0,0,0,0,0,0,0,0,0,0,0,0,0,,0,0,0,0,0,0,"",,,0,1244042743,1244042743
20,"2017-10-22 17:58:01","Run","adidas Red Adistars","Afternoon Recovery",9669.2,42,3853,3165,3.055,4.6,526.7382911999999,349.85529216000003,29.928312,19.8781416,0,0,,0,88,124.9,170,4.34,47.8,0,0.0547,,861.2,0,1,0,1,0,0,0,0,0,0,-1,20,,,,,"",115,321,1716,,,,,,255,522,1087,,,,0,0,0,0,0,0,0,0,0,0,0,0,0,0,0,0,0,0,,0,0,0,0,0,0,"",,,0,1244041968,1244041968
34.50658952105432,"2017-10-22 13:30:31","Run","adidas Red Adistars","Afternoon Recovery",8055.7,38.6,2705,2480,3.2483,4.1,495.51701760000003,392.5190016,28.154376,22.302216,0,0,,0,87.1,136.6,177,4.79,56,0,0.0532,,718.8,0,2,0,1,0,0,0,0,0,0,-1,50.98039215686274,,,,,"",113,291,1593,,,,,,233,476,960,,,,0,0,0,0,0,0,0,0,0,0,0,0,0,0,0,0,0,0,,0,0,0,0,0,0,"",,,0,1242487465,1242487465
46.083714744869205,"2017-10-21 10:45:45","Run","adidas Red Adistars","easier long",28978.8,134,9713,8532,3.3965,5.4,473.7908736,298.03441536,26.919936,16.9337736,0,0,,0,89.7,139.7,152,4.62,56.5,0,0.0544,,2591.8,0,19,1,1,0,0,0,0,0,0,-1,76.43731754032486,,,,,"",105,277,1438,3029,4763,6527,,,223,454,922,5251,6894,,0,0,0,0,0,0,0,0,0,0,0,0,0,0,0,0,0,0,,0,0,0,0,0,0,"",,,0,1242487196,1242487196
0,"2017-10-20 07:10:00","Run","Saucony kinvara 6","cool down",2414,0,787,787,3.0673,0,524.646144,0,29.80944,0,0,0,,0,0,,0,0,0,0,0,,213.9,0,0,0,1,0,0,0,1,1,0,-1,0,,,,,"",,,,,,,,,,,,,,,0,0,0,0,0,0,0,0,0,0,0,0,0,0,0,0,0,0,,0,0,0,0,0,0,"",,,0,1329372202,1329372202
0,"2017-10-20 06:03:00","Run","Saucony kinvara 6","attempt at 10k tune up",14564.6,0,3722,3722,3.9131,0,411.3483264,0,23.372063999999998,0,0,0,,0,0,,0,0,0,0,0,,1290.6,0,0,0,1,0,0,0,1,1,0,-1,0,,,,,"",,,,,,,,,,,,,,,0,0,0,0,0,0,0,0,0,0,0,0,0,0,0,0,0,0,,0,0,0,0,0,0,"",,,0,1329371076,1329371076
0,"2017-10-20 05:48:40","Run","adidas Red Adistars","warm up",1612.1,0,555,555,2.9047,3.9,554.0971392,412.65189504000006,31.482792,23.4461304,0,0,,0,88.6,,0,0,0,0,0,,142.9,0,0,0,1,1,0,0,1,0,0,-1,0,,,,,"",,,,,,,,,,,,,,,0,0,0,0,0,0,0,0,0,0,0,0,0,0,0,0,0,0,,0,0,0,0,0,0,"",,,0,1238744221,1238744221
17.142857142857142,"2017-10-17 12:17:06","Run","adidas Red Adistars","Lunch Recover",6887.7,29.8,2196,1876,3.6715,13.1,438.3853056,122.85732096000001,24.908255999999998,6.980529600000001,0,0,,0,89,117.6,131,4.33,57.2,0,0.0698,,613.2,0,1,0,1,0,0,0,0,0,0,-1,17.142857142857142,,,,,"",84,253,1618,,,,,,191,467,1038,,,,0,0,0,0,0,0,0,0,0,0,0,0,0,0,0,0,0,0,,0,0,0,0,0,0,"sharp pain in quad from last night showed up @ end, probable strain",,,0,1238744099,1238744099
74.24619437939111,"2017-10-16 17:34:34","Run","Saucony Fastwitch Reds","Afternoon V02",16101.5,35.3,5228,4533,3.5521,6.2,453.030336,259.57109376,25.740359999999995,14.748357599999999,0,0,,0,90.9,135.4,165,2.19,28,0,0.0587,,1429.4,0,2,0,1,0,0,0,0,0,0,-1,86.88524590163935,,,,,"",83,235,1437,3006,4836,,,,172,413,852,5223,,,0,0,0,0,0,0,0,0,0,0,0,0,0,0,0,0,0,0,,0,0,0,0,0,0,"5*800m @ 5k pace, 1.5 mi wu, 5 mi moderate after",,,0,1233768206,1233768206
21.17882117882118,"2017-10-16 11:57:08","Run","adidas Red Adistars","Lunch Recovery",7125.7,29.8,2647,2043,3.4879,14.8,461.39892480000003,108.74337408000001,26.215848,6.1786008,0,0,,0,88.8,115.9,129,4.18,52.5,0,0.0673,,633.3,0,3,0,1,0,0,0,0,0,0,-1,28.571428571428573,,,,,"",93,283,1674,,,,,,213,469,1027,,,,0,0,0,0,0,0,0,0,0,0,0,0,0,0,0,0,0,0,,0,0,0,0,0,0,"",,,0,1233281766,1233281766
0,"2017-10-15 15:59:01","Run","adidas Red Adistars","Afternoon Recovery",1614.7,24.1,584,537,3.0069,3.8,535.2678144,423.51496704000004,30.412944,24.0633504,0,0,,0,89.1,121.4,131,14.93,161.6,0,0.0554,,153.6,0,0,0,1,0,0,0,0,0,0,-1,0,,,,,"",129,331,,,,,,,260,582,,,,,0,0,0,0,0,0,0,0,0,0,0,0,0,0,0,0,0,0,,0,0,0,0,0,0,"watch died/broke/glitched? after 1st 4 mi",,,0,1233280717,1233280717
37.59241401478624,"2017-10-15 15:11:07","Run","adidas Red Adistars","Afternoon Recovery",6275.1,11.2,2566,2057,3.0506,4.9,527.5429632,328.43492352000004,29.974031999999998,18.6610752,0,0,,0,88.4,114.7,128,1.78,19.6,0,0.0595,,552.6,0,2,0,1,0,0,0,0,0,0,-1,56.55737704918033,,,,,"",115,306,1963,,,,,,243,556,1221,,,,0,0,0,0,0,0,0,0,0,0,0,0,0,0,0,0,0,0,,0,0,0,0,0,0,"",,,0,1233280495,1233280495
41.891674702667956,"2017-10-15 08:57:42","Run","adidas Red Adistars","Morning Recovery",9659.1,41.4,3330,3102,3.1138,4.6,516.7603584,349.85529216000003,29.361383999999997,19.8781416,0,0,,0,88.9,122.4,137,4.29,48,0,0.0569,,860.5,0,2,0,1,0,0,0,0,0,0,-1,46.07843137254902,,,,,"",118,312,1662,,,,,,243,507,1031,,,,0,0,0,0,0,0,0,0,0,0,0,0,0,0,0,0,0,0,,0,0,0,0,0,0,"",,,0,1233279740,1233279740
58.203071965002344,"2017-10-14 11:51:44","Run","adidas Red Adistars","Lunch Long run",35416.3,204.8,11613,9872,3.5876,6.1,448.52417280000003,263.81976192,25.484328,14.989759199999998,0,0,,0,91.5,141.4,166,5.78,74.7,0,0.0568,,3179.8,0,21,2,1,0,0,0,0,0,0,-1,90.2987740506596,,,,,"",93,241,1327,3045,4576,6158,9437,,191,393,831,4894,6548,,0,0,0,0,0,0,0,0,0,0,0,0,0,0,0,0,0,0,,0,0,0,0,0,0,"",,,0,1230598466,1230598466
42.06777926434807,"2017-10-13 17:26:52","Run","Saucony Kinvara 7 Waterproof","evening ga",19325.4,137.4,6553,5858,3.299,4.5,487.7921664,357.62842368,27.715463999999997,20.3197968,0,0,,0,89.9,129,159,7.11,84.4,0,0.0572,,1737.7,0,13,0,1,0,0,0,0,0,0,-1,58.19925899609197,,,,,"",111,285,1516,3121,4893,,,,225,466,949,5303,,,0,0,0,0,0,0,0,0,0,0,0,0,0,0,0,0,0,0,,0,0,0,0,0,0,"hold off on tempo, take it easy to be fully recovered, add it @ end of long run tomorrow",,,0,1228838397,1228838397
21.673095467695276,"2017-10-12 17:38:14","Run","adidas Red Adistars","Afternoon Recovery",9667.1,39.1,3347,3084,3.1346,4.1,513.3807360000001,392.5190016,29.16936,22.302216,0,0,,0,89.6,123.3,137,4.04,45.6,0,0.0569,,861.8,0,2,0,1,0,0,0,0,0,0,-1,29.41176470588235,,,,,"",113,297,1636,,,,,,235,505,1035,,,,0,0,0,0,0,0,0,0,0,0,0,0,0,0,0,0,0,0,,0,0,0,0,0,0,"",,,0,1227525660,1227525660
0,"2017-10-12 12:14:39","Run","Saucony Black Iso","lunch Recovery",8046.7,0,2585,2585,3.1128,0,516.9212928,0,29.370527999999997,0,0,0,,0,0,,0,0,0,0,0,,713.1,0,0,0,1,0,0,0,0,1,0,-1,0,,,,,"",,,,,,,,,,,,,,,0,0,0,0,0,0,0,0,0,0,0,0,0,0,0,0,0,0,,0,0,0,0,0,0,"",,,0,1227534866,1227534866
20.026725277924236,"2017-10-11 17:27:27","Run","Saucony Black Iso","very easy ml",24146.4,149.7,8512,7662,3.1514,4.4,510.64485120000006,365.75561088,29.013912,20.7815688,0,0,,0,89.7,127.2,145,6.2,70.3,0,0.0554,,2167.2,0,18,0,1,0,0,0,0,0,0,-1,45.38217025940811,,,,,"",108,287,1525,3141,4934,6777,,,227,464,958,5333,7267,,0,0,0,0,0,0,0,0,0,0,0,0,0,0,0,0,0,0,,0,0,0,0,0,0,"still very sore from tune up",,,0,1227524686,1227524686
0,"2017-10-11 11:45:44","Run","Saucony Black Iso","Lunch treadmill recovery",6443.9,0,2139,2139,3.0126,3.7,534.1412736,434.95740288,30.348936,24.7134888,0,0,,0,87.1,126.7,172,0,0,0,0.0532,,571,0,0,0,1,0,0,0,1,0,0,-1,0,,,,,"",,,,,,,,,,,,,,,0,0,0,0,0,0,0,0,0,0,0,0,0,0,0,0,0,0,,0,0,0,0,0,0,"",,,0,1227524176,1227524176
35.50305368048859,"2017-10-10 18:12:12","Run","adidas Red Adistars","Evening Recovery",9670.3,39.1,3214,3127,3.0925,4.2,520.4618496,383.1848064,29.571696000000003,21.771864,0,0,,0,89.5,125.7,137,4.04,45,0,0.055,,862,0,2,0,1,0,0,0,0,0,0,-1,43.13725490196078,,,,,"",115,301,1635,,,,,,237,493,1018,,,,0,0,0,0,0,0,0,0,0,0,0,0,0,0,0,0,0,0,,0,0,0,0,0,0,"",,,0,1224610915,1224610915
0,"2017-10-10 12:07:00","Run","Salomon Red Trail","Lunch recovery",9656.1,31.1,3007,3007,3.2112,0,501.1497216,0,28.474416,0,0,0,,0,0,,0,3.22,37.2,0,0,,855.7,0,0,0,1,0,0,0,0,1,0,-1,0,,,,,"",,,,,,,,,,,,,,,0,0,0,0,0,0,0,0,0,0,0,0,0,0,0,0,0,0,,0,0,0,0,0,0,"",,,0,1323287998,1323287998
0,"2017-10-09 19:30:00","Run","Saucony kinvara 6","cool down",4828,0,1530,1530,3.1556,0,510.00111360000005,0,28.977336,0,0,0,,0,0,,0,0,0,0,0,,427.8,0,0,0,1,0,0,0,1,1,0,-1,0,,,,,"",,,,,,,,,,,,,,,0,0,0,0,0,0,0,0,0,0,0,0,0,0,0,0,0,0,,0,0,0,0,0,0,"",,,0,1323279140,1323279140
0,"2017-10-09 17:40:00","Run","Saucony kinvara 6","attempt at tune up half marathon (treadmill)",21130.7,0,5490,5490,3.8489,0,418.1075712,0,23.756111999999998,0,0,0,,0,0,,0,0,0,0,0,,1872.5,0,0,0,1,0,0,0,1,1,0,-1,0,,,,,"",,,,,,,,,,,,,,,0,0,0,0,0,0,0,0,0,0,0,0,0,0,0,0,0,0,,0,0,0,0,0,0,"",,,0,1323275697,1323275697
0,"2017-10-09 17:30:34","Run","Saucony Fastwitch Reds","Afternoon warm up",1612,0,512,512,3.1484,3.3,511.1276544,487.6795123200001,29.041344,27.709063200000003,0,0,,0,87.9,122.6,131,0,0,0,0.0574,,142.8,0,0,0,1,0,0,0,1,0,0,-1,0,,,,,"",,,,,,,,,,,,,,,0,0,0,0,0,0,0,0,0,0,0,0,0,0,0,0,0,0,,0,0,0,0,0,0,"",,,0,1223154504,1223154504
0,"2017-10-09 11:47:10","Run","Saucony Black Iso","Lunch treadmill recovery",6440.3,0,2018,2018,3.1914,3.6,504.20747520000003,447.04357632000006,28.648152,25.400203200000004,0,0,,0,88.3,123.7,140,0,0,0,0.0577,,570.7,0,0,0,1,1,0,0,1,0,0,-1,0,,,,,"",,,,,,,,,,,,,,,0,0,0,0,0,0,0,0,0,0,0,0,0,0,0,0,0,0,,0,0,0,0,0,0,"",,,0,1223154433,1223154433
0,"2017-10-07 08:23:05","Run","Saucony kinvara 6","Morning Recovery",4829.5,42.1,1709,1479,3.2654,4.6,492.7811328000001,349.85529216000003,27.998928000000003,19.8781416,0,0,,0,89.3,126.7,138,8.72,102.5,0,0.0577,,433,0,0,0,1,0,0,0,0,0,0,-1,0,,,,,"",108,277,,,,,,,225,464,1176,,,,0,0,0,0,0,0,0,0,0,0,0,0,0,0,0,0,0,0,,0,0,0,0,0,0,"bad mental day, turned around early",,,0,1223154356,1223154356
59.21729347476696,"2017-10-06 17:36:50","Run","Brooks Ghost Red/Black","Afternoon Recovery",9663.8,41.5,3134,2985,3.2375,4.7,497.12636160000005,342.42012288,28.245816,19.455688799999997,0,0,,0,88.8,126.8,143,4.29,50,0,0.0571,,861.4,0,2,0,1,0,0,0,0,0,0,-1,77.45098039215686,,,,,"",110,293,1605,,,,,,233,475,978,,,,0,0,0,0,0,0,0,0,0,0,0,0,0,0,0,0,0,0,,0,0,0,0,0,0,"",,,0,1223154203,1223154203
33.48467255275615,"2017-10-05 17:23:54","Run","adidas Red Adistars","Afternoon Run",9663.4,26.3,3298,3047,3.1714,4.1,507.4261632000001,392.5190016,28.831032,22.302216,0,0,,0,89.3,123.3,133,2.72,31.1,0,0.0575,,858.6,0,5,0,1,0,0,0,0,0,0,-1,48.275862068965516,,,,,"",117,306,1643,,,,,,246,496,1052,,,,0,0,0,0,0,0,0,0,0,0,0,0,0,0,0,0,0,0,,0,0,0,0,0,0,"",,,0,1223153976,1223153976
58.18868531018965,"2017-10-05 06:56:03","Run","Saucony Black Iso","Morning Recovery",8052.8,39.8,2748,2540,3.1704,4.7,507.58709760000005,342.42012288,28.840176,19.455688799999997,0,0,,0,89.1,128,143,4.94,56.4,0,0.0554,,718.5,0,2,0,1,0,0,0,0,0,0,-1,61.47540983606557,,,,,"",116,306,1651,,,,,,243,492,1058,,,,0,0,0,0,0,0,0,0,0,0,0,0,0,0,0,0,0,0,,0,0,0,0,0,0,"",,,0,1223153825,1223153825
82.14099354183118,"2017-10-04 16:57:49","Run","Saucony Kinvara 7 Waterproof","evening ml",24146.9,144.1,7368,6945,3.4769,5.4,462.8473344,298.03441536,26.298144,16.9337736,0,0,,0,90.8,136.8,147,5.97,74.7,0,0.0569,,2164.2,0,18,3,1,1,0,0,0,0,0,-1,94.87545768954692,,,,,"",98,270,1401,2900,4428,5995,,,214,439,895,4729,6370,,0,0,0,0,0,0,0,0,0,0,0,0,0,0,0,0,0,0,,0,0,0,0,0,0,"forgot to stop watch at falls bridge around mile 8.25(?)",,,0,1215567625,1215567625
0,"2017-10-04 11:46:00","Run","Saucony Black Iso","Lunch treadmill recovery",6441.4,0,2011,2011,3.2031,3.5,502.4371968,459.80567424000003,28.547568,26.1253224,0,0,,0,87.2,125.5,144,0,0,0,0.0571,,570.8,0,0,0,1,0,0,0,1,0,0,-1,0,,,,,"",,,,,,,,,,,,,,,0,0,0,0,0,0,0,0,0,0,0,0,0,0,0,0,0,0,,0,0,0,0,0,0,"",,,0,1215566867,1215566867
69.02131071007638,"2017-10-03 17:22:14","Run","Saucony Fastwitch Reds","Afternoon v02",16108.8,35.4,5020,4556,3.5357,5.3,455.12248320000003,303.65102592,25.859232,17.252899199999998,0,0,,0,91.9,139,166,2.2,28,0,0.0569,,1429.9,0,3,0,1,0,0,0,0,0,0,-1,70.49180327868852,,,,,"",83,240,1378,2891,4620,,,,170,409,841,5013,,,0,0,0,0,0,0,0,0,0,0,0,0,0,0,0,0,0,0,,0,0,0,0,0,0,"5*800m @ 5k pace (around 5:48/mi)",,,0,1214031699,1214031699
50,"2017-10-03 11:51:07","Run","Saucony Black Iso","Lunch Recovery with super inaccurate gps thanks to skyscrapers",6995,41.7,2149,1714,4.0811,23,394.28928,69.97427712,22.4028,3.9758112,0,0,,0,88.4,114.3,125,5.96,87.6,0,0.0799,,624.2,0,1,1,1,0,0,0,0,0,0,-1,50,,,,,"",44,183,1504,,,,,,104,441,,,,,0,0,0,0,0,0,0,0,0,0,0,0,0,0,0,0,0,0,,0,0,0,0,0,0,"",,,0,1214030292,1214030292
61.157473860807585,"2017-10-02 17:20:41","Run","adidas Red Adistars","Afternoon Run",12885.7,41.7,4060,3769,3.4189,4.2,470.73312,383.1848064,26.746199999999998,21.771864,0,0,,0,90.1,133,148,3.24,39.8,0,0.0575,,1144.3,0,9,1,2,0,0,0,0,0,0,-1,80.17857142857143,,,,,"",108,283,1472,3097,,,,,227,459,923,,,,0,0,0,0,0,0,0,0,0,0,0,0,0,0,0,0,0,0,,0,0,0,0,0,0,"",,,0,1212484220,1212484220
21.747846799504792,"2017-10-01 13:24:17","Run","Saucony Black Iso","Afternoon Recovery",9659.4,30.1,3623,3057,3.1598,4.8,509.35737600000004,335.27463552,28.94076,19.0496952,0,0,,0,88.9,121,159,3.12,35.4,0,0.0584,,857.3,0,5,0,1,0,0,0,0,0,0,-1,29.310344827586206,,,,,"",116,308,1665,,,,,,242,500,1055,,,,0,0,0,0,0,0,0,0,0,0,0,0,0,0,0,0,0,0,,0,0,0,0,0,0,"",,,0,1211135550,1211135550
0,"2017-10-01 09:42:27","Run","Saucony Black Iso","Morning treadmill recovery",4830.4,0,1913,1913,2.525,3.5,637.3002240000001,459.80567424000003,36.21024,26.1253224,0,0,,0,88.2,112.3,129,0,0,0,0.0503,,428,0,0,0,1,0,0,0,1,0,0,-1,0,,,,,"",,,,,,,,,,,,,,,0,0,0,0,0,0,0,0,0,0,0,0,0,0,0,0,0,0,,0,0,0,0,0,0,"",,,0,1211134802,1211134802
48.64613631084152,"2017-09-30 15:51:36","Run","Saucony Kinvara 7 Waterproof","peak week long run",38632.8,113.1,12681,11014,3.5076,5.1,458.82397440000005,315.56017152000004,26.069544,17.9295552,0,0,,0,91.2,136.3,184,2.93,37,0,0.0576,,3430,0,27,11,1,1,0,0,0,0,0,-1,69.47763790975858,,,,,"",102,264,1490,3086,4654,6278,9611,,213,426,908,5002,6589,,0,0,0,0,0,0,0,0,0,0,0,0,0,0,0,0,0,0,,0,0,0,0,0,0,"",,,0,1209420248,1209420248
46.071370993431536,"2017-09-29 05:37:32","Run","Saucony Kinvara 7 Waterproof","Morning ga",16105.1,32.6,5131,4783,3.3672,4.8,477.975168,335.27463552,27.15768,19.0496952,0,0,,0,89.6,137.2,195,2.02,24.5,0,0.0549,,1428.5,0,8,0,1,0,0,0,0,0,0,-1,90.38249102457884,,,,,"",107,283,1445,3105,4764,,,,226,453,924,5127,,,0,0,0,0,0,0,0,0,0,0,0,0,0,0,0,0,0,0,,0,0,0,0,0,0,"",,,0,1207003543,1207003543
60.6378525376046,"2017-09-28 17:20:02","Run","Saucony kinvara 6","Afternoon tempo",19341,49,5995,5242,3.6896,5.4,436.13222400000006,298.03441536,24.780240000000003,16.9337736,0,0,,0,88.3,143.1,166,2.53,33.7,0,0.0577,,1716.5,0,12,2,1,0,0,0,0,0,0,-1,98.5812202212711,,,,,"",87,232,1275,2832,4299,,,,185,375,770,4839,,,0,0,0,0,0,0,0,0,0,0,0,0,0,0,0,0,0,0,,0,0,0,0,0,0,"2.25 mi up, 2*3.5 mi @ 15k-HM pace w/ 1 mi jog between, 1.75 down",,,0,1206523785,1206523785
0,"2017-09-28 11:45:46","Run","Saucony Black Iso","Lunch treadmill recovery",6437.3,0,2190,2190,2.9394,3.5,547.4988288000001,459.80567424000003,31.107888,26.1253224,0,0,,0,87,111.2,135,0,0,0,0.0591,,570.4,0,0,0,1,0,0,0,1,0,0,-1,0,,,,,"",,,,,,,,,,,,,,,0,0,0,0,0,0,0,0,0,0,0,0,0,0,0,0,0,0,,0,0,0,0,0,0,"",,,0,1206523250,1206523250
6.870781099324976,"2017-09-27 17:19:53","Run","Saucony Black Iso","evening recovery",9662.7,38.7,3660,3097,3.12,4.2,515.794752,383.1848064,29.30652,21.771864,0,0,,0,87.6,121.8,138,4.01,45,0,0.0573,,858.8,0,2,0,1,0,0,0,0,0,0,-1,8.823529411764705,,,,,"",116,303,1945,,,,,,239,493,1013,,,,0,0,0,0,0,0,0,0,0,0,0,0,0,0,0,0,0,0,,0,0,0,0,0,0,"",,,0,1204921533,1204921533
16.595560466911557,"2017-09-27 06:42:12","Run","adidas Red Adistars","Morning Recovery",9662.6,25.7,3389,3111,3.1059,5.3,518.2087680000001,303.65102592,29.44368,17.252899199999998,0,0,,0,87.4,121.5,133,2.66,29.7,0,0.0572,,857.5,0,5,0,1,0,0,0,0,0,0,-1,41.964285714285715,,,,,"",119,308,1719,,,,,,246,500,1044,,,,0,0,0,0,0,0,0,0,0,0,0,0,0,0,0,0,0,0,,0,0,0,0,0,0,"",,,0,1204921209,1204921209
67.66479687421395,"2017-09-26 05:36:14","Run","Saucony Kinvara 7 Waterproof","Morning ml",24143.9,139.2,7514,6846,3.5267,4.8,456.24902399999996,335.27463552,25.923239999999996,19.0496952,0,0,,0,90.8,136.1,146,5.77,73.2,0,0.058,,2152.8,0,17,1,1,0,0,0,0,0,0,-1,92.06084726186762,,,,,"",99,265,1416,2971,4464,6103,,,212,435,909,4827,6477,,0,0,0,0,0,0,0,0,0,0,0,0,0,0,0,0,0,0,,0,0,0,0,0,0,"2 up, 4 @ 7:45, 5 @7:35 3 @ 7:20-7:30, 1 down, PB + kombucha before, gu @ 2 + 8",,,0,1202359191,1202359191
65.69031143493416,"2017-09-25 17:31:08","Run","Saucony Kinvara 7 Waterproof","evening GA w/ strides",16102.3,36.8,5313,4768,3.3772,5.5,476.52675839999995,292.61092608,27.075383999999996,16.6256208,0,0,,0,90.2,135.7,154,2.29,27.8,0,0.0557,,1428.5,0,8,0,1,0,0,0,0,0,0,-1,84.82905982905982,,,,,"",106,279,1485,3147,4902,,,,226,452,922,5308,,,0,0,0,0,0,0,0,0,0,0,0,0,0,0,0,0,0,0,,0,0,0,0,0,0,"10*100 m thrown in throughout",,,0,1201735657,1201735657
0,"2017-09-25 11:41:44","Run","Saucony Black Iso","Lunch treadmill recovery",6443.7,0,2098,2098,3.0714,3.6,524.0024064,447.04357632000006,29.772864,25.400203200000004,0,0,,0,87.4,119,167,0,0,0,0.0577,,571,0,0,0,1,0,0,0,1,0,0,-1,0,,,,,"",,,,,,,,,,,,,,,0,0,0,0,0,0,0,0,0,0,0,0,0,0,0,0,0,0,,0,0,0,0,0,0,"",,,0,1201735069,1201735069
22.386414501217395,"2017-09-24 10:45:52","Run","adidas Red Adistars","Morning Run",9658.3,29.6,3351,3216,3.0032,4.7,535.911552,342.42012288,30.44952,19.455688799999997,0,0,,0,88.6,123.6,135,3.06,33.1,0,0.0544,,856.1,0,5,0,1,0,0,0,0,0,0,-1,33.035714285714285,,,,,"",118,310,1629,,,,,,251,505,1032,,,,0,0,0,0,0,0,0,0,0,0,0,0,0,0,0,0,0,0,,0,0,0,0,0,0,"",,,0,1199719379,1199719379
35.1295601945184,"2017-09-23 08:44:48","Run","adidas Red Adistars","Morning Run",32198.5,94.2,10432,8723,3.6912,7.6,435.9712896,211.75748352000002,24.771095999999996,12.0316752,0,0,,0,92.8,150.1,187,2.93,38.9,0,0.055,,2859,0,20,0,1,1,0,0,0,0,0,-1,54.82001658472247,,,,,"",94,242,1354,2959,4515,6212,9627,,193,394,805,4807,6558,,0,0,0,0,0,0,0,0,0,0,0,0,0,0,0,0,0,0,,0,0,0,0,0,0,"",,,0,1197788179,1197788179
57.57575757575758,"2017-09-22 06:23:55","Run","adidas Red Adistars","GA w/ speed",16098.6,35.4,4972,4767,3.3771,5,476.52675839999995,321.8688,27.075383999999996,18.288,0,0,,0,90.3,139.7,162,2.2,26.7,0,0.0541,,1428.2,0,4,0,1,0,0,0,0,0,0,-1,66.66666666666667,,,,,"",108,278,1426,3014,4621,,,,222,452,917,4969,,,0,0,0,0,0,0,0,0,0,0,0,0,0,0,0,0,0,0,,0,0,0,0,0,0,"6*100m strides",,,0,1195882337,1195882337
65.48660263285957,"2017-09-21 17:09:33","Run","Saucony Kinvara 7 Waterproof","Afternoon ml",20930.4,133.1,6707,6088,3.438,4.5,468.1581696,357.62842368,26.599895999999998,20.3197968,0,0,,0,91.1,141,152,6.36,78.7,0,0.0545,,1867.1,0,15,0,1,0,0,0,0,0,0,-1,80.38365438532836,,,,,"",104,278,1443,3032,4634,6377,,,222,452,922,4963,,,0,0,0,0,0,0,0,0,0,0,0,0,0,0,0,0,0,0,,0,0,0,0,0,0,"",,,0,1195297954,1195297954
29.508196721311478,"2017-09-21 06:48:13","Run","Saucony Black Iso","Morning Recovery",6444.5,39.1,2276,2103,3.0644,3.8,525.1289472,423.51496704000004,29.836871999999996,24.0633504,0,0,,0,89.5,123,137,6.07,66.9,0,0.0557,,573.2,0,1,0,1,0,0,0,0,0,0,-1,29.508196721311478,,,,,"",124,312,1768,,,,,,250,514,1048,,,,0,0,0,0,0,0,0,0,0,0,0,0,0,0,0,0,0,0,,0,0,0,0,0,0,"",,,0,1194346268,1194346268
33.55030536804886,"2017-09-20 17:32:11","Run","Saucony Black Iso","evening recovery",8056,39.7,2801,2659,3.0297,3.8,531.2444544,423.51496704000004,30.184344,24.0633504,0,0,,0,89.5,125.7,139,4.93,53.7,0,0.0539,,716.2,0,2,0,1,0,0,0,0,0,0,-1,34.31372549019608,,,,,"",119,312,1677,,,,,,247,521,1046,,,,0,0,0,0,0,0,0,0,0,0,0,0,0,0,0,0,0,0,,0,0,0,0,0,0,"",,,0,1194346033,1194346033
28.98177064236681,"2017-09-20 06:32:52","Run","Saucony Black Iso","Morning Recovery",9666.4,25.6,3178,3032,3.1881,4.3,504.8512128,374.26904064,28.684727999999996,21.265286399999997,0,0,,0,90.2,129.4,144,2.65,30.4,0,0.0551,,856.7,0,5,0,1,0,0,0,0,0,0,-1,66.07142857142857,,,,,"",116,304,1597,,,,,,243,492,1006,,,,0,0,0,0,0,0,0,0,0,0,0,0,0,0,0,0,0,0,,0,0,0,0,0,0,"",,,0,1192801359,1192801359
37.85258368714802,"2017-09-19 17:21:13","Run","Saucony kinvara 6","VO2 Max",16104.6,27.9,5181,4694,3.4309,5.6,469.12377599999996,287.38055808,26.654759999999996,16.3284408,0,0,,0,91.3,136.9,169,1.73,21.4,0,0.0561,,1429,0,4,0,1,0,0,0,0,0,0,-1,45.689655172413794,,,,,"",86,256,1472,3045,4774,,,,177,422,888,5172,,,0,0,0,0,0,0,0,0,0,0,0,0,0,0,0,0,0,0,,0,0,0,0,0,0,"5*800m @ 5k race pace (assumed from 5:40-5:50/mile), stopped in middle of 2 intervals thanks to tired legs from too much biking + gnats flying into eyes",,,0,1192801055,1192801055
61.90516382982437,"2017-09-18 17:22:32","Run","Saucony Black Iso","finally able to run again GA",17720.6,38,5557,5245,3.3786,7,476.365824,229.91088384,27.066239999999997,13.063118399999999,0,0,,0,90.1,136.8,146,2.14,26.1,0,0.0552,,1572.4,0,10,0,1,0,0,0,0,0,0,-1,78.32921648778425,,,,,"",105,279,1450,3056,4630,,,,222,460,930,5008,,,0,0,0,0,0,0,0,0,0,0,0,0,0,0,0,0,0,0,,0,0,0,0,0,0,"",,,0,1190618198,1190618198
54.209867654059316,"2017-09-14 17:25:07","Run","Saucony Kinvara 7 Waterproof","middle long cut short due to quad acting up again",16101.9,74.2,5212,4659,3.4561,5.3,465.58321920000003,303.65102592,26.453592,17.252899199999998,0,0,,0,90.8,139.5,152,4.61,57.3,0,0.0554,,1429.1,0,12,1,1,0,0,0,0,0,0,-1,81.23973727422003,,,,,"",104,275,1442,2978,4732,,,,219,455,916,5208,,,0,0,0,0,0,0,0,0,0,0,0,0,0,0,0,0,0,0,,0,0,0,0,0,0,"taking rest day tomorrow, swapping next week's recovery week with this week",,,0,1184798345,1184798345
0,"2017-09-13 06:30:10","Run","adidas Red Adistars","definitely hurt quad yesterday",805.3,4.7,321,276,2.9178,3.4,551.5221888,473.34025728,31.336488,26.894332799999997,0,0,,0,87.8,112.4,125,5.84,61.3,0,0.0581,,71.5,0,0,0,1,0,0,0,0,0,0,-1,0,,,,,"",133,,,,,,,,321,,,,,,0,0,0,0,0,0,0,0,0,0,0,0,0,0,0,0,0,0,,0,0,0,0,0,0,"",,,0,1184797517,1184797517
54.26370328283225,"2017-09-12 17:02:39","Run","Saucony kinvara 6","evening ml",24148.2,142.7,7766,6872,3.514,5.5,458.0193024000001,292.61092608,26.023824,16.6256208,0,0,,0,91.3,137.6,150,5.91,74.8,0,0.0571,,2153.4,0,18,0,1,0,0,0,0,0,0,-1,83.91724970847909,,,,,"",104,270,1445,2998,4621,6298,,,216,433,909,4959,6691,,0,0,0,0,0,0,0,0,0,0,0,0,0,0,0,0,0,0,,0,0,0,0,0,0,"right quad pain with 3 mi left",,,0,1181297276,1181297276
0,"2017-09-11 17:48:34","Run","Saucony Black Iso","mental health jog",1612.9,0,494,494,3.265,3.4,492.94206720000005,473.34025728,28.008072000000002,26.894332799999997,0,0,,0,88.2,118.7,128,0,0,0,0.0615,,142.9,0,0,0,1,0,0,0,1,0,0,-1,0,,,,,"",,,,,,,,,,,,,,,0,0,0,0,0,0,0,0,0,0,0,0,0,0,0,0,0,0,,0,0,0,0,0,0,"over stressed, give quad + foot + mind a break",,,0,1179628392,1179628392
0,"2017-09-10 16:45:37","Run","Saucony Black Iso","Afternoon Recovery",9659.8,75.1,3246,3083,3.1332,4.3,513.7026048,374.26904064,29.187648,21.265286399999997,0,0,,0,89.3,128.8,178,7.77,87.7,0,0.0544,,856.8,0,0,0,1,0,0,0,0,0,0,-1,0,,,,,"",115,297,1599,,,,,,240,486,1016,,,,0,0,0,0,0,0,0,0,0,0,0,0,0,0,0,0,0,0,,0,0,0,0,0,0,"",,,0,1179628356,1179628356
0,"2017-09-10 10:19:25","Run","Saucony Black Iso","Morning Recovery (too fast)",9661.4,83.5,3289,2959,3.2651,4.4,492.94206720000005,365.75561088,28.008072000000002,20.7815688,0,0,,0,90.7,134.9,191,8.64,101.6,0,0.0541,,860.8,0,0,0,1,0,0,0,0,0,0,-1,0,,,,,"",104,271,1635,,,,,,211,482,1023,,,,0,0,0,0,0,0,0,0,0,0,0,0,0,0,0,0,0,0,,0,0,0,0,0,0,"had to run fast home bc late",,,0,1179628108,1179628108
62.949378036433245,"2017-09-09 11:42:23","Run","adidas Red Adistars","Lunch long run",35667.1,207.8,11210,10177,3.5047,9.3,459.1458432,173.05276032,26.087832,9.8325432,0,0,,0,91.8,143,186,5.83,73.5,0,0.0548,,3179.1,0,21,2,1,1,0,0,0,0,0,-1,87.30439955415848,,,,,"",95,264,1413,2939,4466,6225,9346,,212,427,880,4779,6616,,0,0,0,0,0,0,0,0,0,0,0,0,0,0,0,0,0,0,,0,0,0,0,0,0,"",,,0,1176133492,1176133492
67.7025746579287,"2017-09-08 05:55:38","Run","adidas Red Adistars","Morning ga",16102.8,32.5,5022,4691,3.4327,5,468.8019072,321.8688,26.636472,18.288,0,0,,0,91.3,137.5,145,2.02,24.9,0,0.0558,,1428.6,0,8,0,1,0,0,0,0,0,0,-1,78.29311211664154,,,,,"",109,281,1430,2908,4526,,,,225,452,914,5017,,,0,0,0,0,0,0,0,0,0,0,0,0,0,0,0,0,0,0,,0,0,0,0,0,0,"little more difficult than i would've liked, maybe due to yesterday's tempo",,,0,1173921279,1173921279
89.93601430018504,"2017-09-07 16:56:14","Run","adidas Red Adistars","6 mi (2*3mi) tempo",17708.1,41.6,5546,4757,3.7225,5.3,432.2697984,303.65102592,24.560783999999998,17.252899199999998,0,0,,0,88.5,142.2,165,2.35,31.5,0,0.0586,,1572.1,0,10,5,1,0,0,0,0,0,0,-1,99.16176362656593,,,,,"",87,226,1200,2732,4291,,,,182,376,763,4959,,,0,0,0,0,0,0,0,0,0,0,0,0,0,0,0,0,0,0,,0,0,0,0,0,0,"1.5 mi WU, 2*3 mi @ 6:10-6:25 pace, 1 mi jog between, 2.5 mi CD",,,0,1173365772,1173365772
0,"2017-09-07 11:41:10","Run","Saucony Black Iso","treadmill recovery",4019.9,0,1307,1307,3.0757,3.3,523.1977344000001,487.6795123200001,29.727144,27.709063200000003,0,0,,0,89.7,118,128,0,0,0,0.0583,,356.2,0,0,0,1,0,0,0,1,0,0,-1,0,,,,,"",,,,,,,,,,,,,,,0,0,0,0,0,0,0,0,0,0,0,0,0,0,0,0,0,0,,0,0,0,0,0,0,"",,,0,1173365209,1173365209
43.10511089681774,"2017-09-06 17:41:15","Run","Saucony Kinvara 7 Waterproof","Afternoon Recovery",8054.2,38.7,2654,2553,3.1548,4.2,510.162048,383.1848064,28.98648,21.771864,0,0,,0,90.3,118.6,133,4.8,54.6,0,0.0595,,716,0,2,0,1,0,0,0,0,0,0,-1,55.88235294117647,,,,,"",113,296,1569,,,,,,234,498,1005,,,,0,0,0,0,0,0,0,0,0,0,0,0,0,0,0,0,0,0,,0,0,0,0,0,0,"",,,0,1173365173,1173365173
18.17727623475485,"2017-09-06 05:58:57","Run","Saucony Kinvara 7 Waterproof","finally got another watch + hrm morning recovery",9665.4,24.7,3191,3130,3.088,4.3,521.1055872,374.26904064,29.608271999999996,21.265286399999997,0,0,,0,90.2,121.6,131,2.56,28.4,0,0.0568,,858,0,4,0,1,0,0,0,0,0,0,-1,26.72413793103448,,,,,"",115,307,1602,,,,,,245,509,1024,,,,0,0,0,0,0,0,0,0,0,0,0,0,0,0,0,0,0,0,,0,0,0,0,0,0,"",,,0,1170820701,1170820701
55.298017300749706,"2017-09-05 05:41:55","Run","Saucony Kinvara 7 Waterproof","mostly fasted ml run",24137.2,154.3,7558,7136,3.3825,7,475.72208639999997,229.91088384,27.029663999999997,13.063118399999999,0,0,,0,91.6,,0,6.39,77.8,0,0,,2178.7,0,18,0,1,0,0,0,0,0,0,-1,75.38652730864825,,,,,"",105,283,1458,2993,4493,6118,,,225,458,935,4821,6475,,0,0,0,0,0,0,0,0,0,0,0,0,0,0,0,0,0,0,,0,0,0,0,0,0,"12 fasted, gu at 12 to kickstart recovery",,,0,1169283478,1169283478
0,"2017-09-04 18:13:46","Run","Saucony kinvara 6","Evening Recovery",4830.4,42.8,1675,1536,3.1448,6.5,511.77139200000005,247.59757439999998,29.07792,14.068043999999999,0,0,,0,90.5,,0,8.86,100.3,0,0,,436.1,0,0,0,1,0,0,0,0,0,0,-1,0,,,,,"",116,299,,,,,,,238,494,1019,,,,0,0,0,0,0,0,0,0,0,0,0,0,0,0,0,0,0,0,,0,0,0,0,0,0,"",,,0,1168681639,1168681639
43.334840621137545,"2017-09-04 12:18:36","Run","adidas Red Adistars","Lunch ga",16103.3,35.8,4941,4619,3.4863,6.4,461.5598592,251.46,26.224992,14.2875,0,0,,0,90.8,,0,2.22,27.9,0,0,,1438.7,0,7,0,1,0,0,0,0,0,0,-1,68.84514051522248,,,,,"",104,277,1479,3022,4607,,,,220,454,926,4935,,,0,0,0,0,0,0,0,0,0,0,0,0,0,0,0,0,0,0,,0,0,0,0,0,0,"1 chill, 8 less chill w/ 10*100m strides thrown in, 1 chill",,,0,1168197911,1168197911
16.29760736416967,"2017-09-03 17:49:53","Run","Saucony kinvara 6","evening recovery",8100.9,23.8,2776,2595,3.1217,5.5,515.4728832,292.61092608,29.288231999999997,16.6256208,0,0,,0,89.6,,0,2.94,33,0,0,,723.4,0,4,0,1,0,0,0,0,0,0,-1,24.786324786324784,,,,,"",118,311,1659,,,,,,247,507,1042,,,,0,0,0,0,0,0,0,0,0,0,0,0,0,0,0,0,0,0,,0,0,0,0,0,0,"",,,0,1167724042,1167724042
14.564191993639035,"2017-09-03 11:43:06","Run","Saucony kinvara 6","Lunch Recovery",9664.8,24.3,3327,3115,3.1027,6.1,518.6915712,263.81976192,29.471111999999998,14.989759199999998,0,0,,0,89.3,,0,2.51,28.1,0,0,,862.6,0,4,0,1,0,0,0,0,0,0,-1,22.413793103448274,,,,,"",115,313,1692,,,,,,242,509,1105,,,,0,0,0,0,0,0,0,0,0,0,0,0,0,0,0,0,0,0,,0,0,0,0,0,0,"",,,0,1166635970,1166635970
31.673340189396594,"2017-09-02 08:30:16","Run","adidas Red Adistars","Morning long run",32195.4,186,10605,9161,3.5144,8.8,457.858368,182.88585216,26.01468,10.3912416,0,0,,0,92.2,,0,5.78,73.1,0,0,,2898.1,0,18,1,1,0,0,0,0,0,0,-1,73.3197104928928,,,,,"",102,271,1470,3073,4729,6393,9825,,219,442,984,5072,6773,,0,0,0,0,0,0,0,0,0,0,0,0,0,0,0,0,0,0,,0,0,0,0,0,0,"more depleted, only banana + PB before, no gu's, technically 21 mi bc Strava doesn't record GPS in my pack",,,0,1164614222,1164614222
33.24265249039609,"2017-09-01 13:02:59","Run","Saucony Black Iso","Afternoon GA",16095.1,44.1,5282,4648,3.4628,7.8,464.7785472,206.33399423999998,26.407872,11.723522399999998,0,0,,0,90.9,,0,2.74,34.2,0,0,,1439.9,0,8,0,1,0,0,0,0,0,0,-1,68.35480093676816,,,,,"",103,275,1539,3194,4859,,,,217,453,926,5276,,,0,0,0,0,0,0,0,0,0,0,0,0,0,0,0,0,0,0,,0,0,0,0,0,0,"",,,0,1163235584,1163235584
43.73566644251891,"2017-08-31 17:09:07","Run","Saucony Kinvara 7 Waterproof","evening ml",22533.3,49.8,7567,6571,3.4292,8.3,469.28471040000005,193.89376512,26.663904000000002,11.0166912,0,0,,0,90.9,,0,2.21,27.3,0,0,,2014.4,0,11,0,1,0,0,0,0,0,0,-1,73.42240244843909,,,,,"",106,274,1448,3150,4895,6523,,,221,461,980,5239,6996,,0,0,0,0,0,0,0,0,0,0,0,0,0,0,0,0,0,0,,0,0,0,0,0,0,"",,,0,1162219827,1162219827
0,"2017-08-30 17:20:02","Run","Saucony Black Iso","Afternoon Recovery",6452.2,26.7,2212,2039,3.1644,5.4,508.552704,298.03441536,28.895039999999998,16.9337736,0,0,,0,89.6,,0,4.14,47.1,0,0,,577.7,0,0,0,1,0,0,0,0,0,0,-1,0,,,,,"",117,308,1677,,,,,,240,504,1048,,,,0,0,0,0,0,0,0,0,0,0,0,0,0,0,0,0,0,0,,0,0,0,0,0,0,"",,,0,1160500506,1160500506
31.51882354341541,"2017-08-30 06:01:54","Run","Saucony Black Iso","Morning Recovery",11276.4,35,3841,3565,3.1631,5.5,508.7136384,292.61092608,28.904183999999997,16.6256208,0,0,,0,89.9,,0,3.1,35.3,0,0,,1009.3,0,7,0,1,0,0,0,0,0,0,-1,49.59016393442623,,,,,"",116,305,1568,3368,,,,,246,495,1009,,,,0,0,0,0,0,0,0,0,0,0,0,0,0,0,0,0,0,0,,0,0,0,0,0,0,"",,,0,1159543866,1159543866
61.37125311874561,"2017-08-29 05:44:29","Run","Saucony Fastwitch Reds","Morning ml",24161.1,152,7506,7093,3.4063,7.1,472.50339840000004,226.67610240000002,26.846784000000003,12.879324,0,0,,0,92.1,,0,6.29,77.1,0,0,,2177.9,0,17,0,1,0,0,0,0,0,0,-1,86.67980660733915,,,,,"",99,280,1438,2966,4505,6039,,,215,460,928,4820,6443,,0,0,0,0,0,0,0,0,0,0,0,0,0,0,0,0,0,0,,0,0,0,0,0,0,"",,,0,1157884443,1157884443
61.24920467733865,"2017-08-28 17:36:47","Run","Saucony kinvara 6","evening tempo",19323.8,57.1,5718,5242,3.6863,7.8,436.6150272,206.33399423999998,24.807671999999997,11.723522399999998,0,0,,0,92.2,,0,2.95,39.2,0,0,,1729.4,0,12,2,1,0,0,0,0,0,0,-1,94.43042671614101,,,,,"",88,230,1168,2559,4091,,,,184,373,751,4443,,,0,0,0,0,0,0,0,0,0,0,0,0,0,0,0,0,0,0,,0,0,0,0,0,0,"2 mi wu, 5 mi @ 15k-HM pace, 3 mi easy, 2 mi cool down (stopped 3 quick times during tempo to tie shoes)",,,0,1157242957,1157242957
20.68391750576947,"2017-08-27 16:40:27","Run","Saucony Black Iso","recovery to gen aer run",17717.5,53.8,6501,5774,3.0685,7.5,524.4852096000001,214.57383552000002,29.800296000000003,12.1916952,0,0,,0,89.8,,0,3.04,33.5,0,0,,1584.7,0,8,0,1,0,0,0,0,0,0,-1,39.827586206896555,,,,,"",106,313,1596,3308,5343,,,,251,507,1029,5830,,,0,0,0,0,0,0,0,0,0,0,0,0,0,0,0,0,0,0,,0,0,0,0,0,0,"",,,0,1157138999,1157138999
67.22135753735373,"2017-08-26 08:53:30","Run","Saucony Kinvara 7 Waterproof","rec week long run",25758.1,128.8,8116,7018,3.6703,9.3,438.54624000000007,173.05276032,24.9174,9.8325432,0,0,,0,84,,0,5,66.1,0,0,,2317.1,0,15,0,1,0,0,0,0,0,0,-1,95.4982893909111,,,,,"",97,259,1340,2791,4398,5967,,,207,428,943,4829,6317,,0,0,0,0,0,0,0,0,0,0,0,0,0,0,0,0,0,0,,0,0,0,0,0,0,"",,,0,1153118732,1153118732
39.46043034672637,"2017-08-25 06:24:29","Run","Saucony kinvara 6","Morning ga",12879.1,32.9,4041,3779,3.4081,6.8,472.18152960000003,236.67012864,26.828495999999998,13.447166399999999,0,0,,0,91.1,,0,2.55,31.3,0,0,,1152.1,0,8,0,1,0,0,0,0,0,0,-1,69.6078431372549,,,,,"",111,286,1502,3034,,,,,229,464,933,,,,0,0,0,0,0,0,0,0,0,0,0,0,0,0,0,0,0,0,,0,0,0,0,0,0,"",,,0,1151150302,1151150302
68.15939494617075,"2017-08-24 17:07:55","Run","Saucony Kinvara 7 Waterproof","Afternoon ml",20944.6,66.6,6501,6116,3.4246,7.9,469.928448,203.71076352,26.70048,11.5744752,0,0,,0,90.4,,0,3.18,39.2,0,0,,1876,0,13,0,1,0,0,0,0,0,0,-1,78.93376118112592,,,,,"",103,277,1437,2989,4509,6140,,,220,451,920,4850,,,0,0,0,0,0,0,0,0,0,0,0,0,0,0,0,0,0,0,,0,0,0,0,0,0,"",,,0,1150522049,1150522049
57.23981900452489,"2017-08-23 17:53:19","Run","adidas Red Adistars","Afternoon Recovery",6312.9,82,2313,2096,3.0119,11,534.3022080000001,146.30546304,30.35808,8.3128104,0,0,,0,89.5,,0,12.99,140.8,0,0,,570.5,0,2,0,1,0,0,0,0,0,0,-1,61.53846153846154,,,,,"",111,311,1719,,,,,,246,510,1131,,,,0,0,0,0,0,0,0,0,0,0,0,0,0,0,0,0,0,0,,0,0,0,0,0,0,"",,,0,1148821421,1148821421
21.79977747279526,"2017-08-23 06:00:41","Run","adidas Red Adistars","Morning Recovery",11273.7,139.7,3861,3645,3.0929,4.9,520.3009152,328.43492352000004,29.562551999999997,18.6610752,0,0,,0,90.3,,0,12.39,138,0,0,,1027.9,0,8,0,1,0,0,0,0,0,0,-1,40.283400809716596,,,,,"",113,303,1644,3375,,,,,241,503,1035,,,,0,0,0,0,0,0,0,0,0,0,0,0,0,0,0,0,0,0,,0,0,0,0,0,0,"",,,0,1147761865,1147761865
59.15832587303436,"2017-08-22 05:53:10","Run","Saucony Black Iso","Morning ml",19325.8,58.7,5996,5530,3.4947,7.6,460.4333184000001,211.75748352000002,26.160984000000003,12.0316752,0,0,,0,92.9,,0,3.04,38.2,0,0,,1730.3,0,12,0,1,0,0,0,0,0,0,-1,83.00487332675675,,,,,"",104,274,1439,3013,4507,,,,218,444,911,4823,,,0,0,0,0,0,0,0,0,0,0,0,0,0,0,0,0,0,0,,0,0,0,0,0,0,"with 10 strides thrown in randomly throughout",,,0,1146053730,1146053730
53.11055609256703,"2017-08-20 09:21:23","Run","Saucony kinvara 6","attempt @ 10 MP long run",32462,160.9,10215,9015,3.6009,9.2,446.9148288,174.93569280000003,25.392888,9.939528000000001,0,0,,0,92.2,141.9,165,4.96,64.3,0,0.0568,,2909.3,0,17,4,1,0,0,0,0,0,0,-1,90.82633053221289,,,,,"",89,242,1402,2967,4547,6139,9285,,193,388,904,4833,6458,,0,0,0,0,0,0,0,0,0,0,0,0,0,0,0,0,0,0,,0,0,0,0,0,0,"8 mi easy, 10 mi @ MP with breaks because i go too hard on the beginning, on hills, and in the heat, 2 mi cooldown. 2 gu's @ mi 6 and mi 11",,,0,1143374977,1143374977
0,"2017-08-19 14:27:20","Run","Saucony kinvara 6","Afternoon Recovery",8055,69.4,2738,2488,3.2375,4.6,497.12636160000005,349.85529216000003,28.245816,19.8781416,0,0,,0,89.9,,0,8.62,100.4,0,0,,723.2,0,0,0,1,0,0,0,0,0,0,-1,0,,,,,"",107,290,1598,,,,,,226,479,1022,,,,0,0,0,0,0,0,0,0,0,0,0,0,0,0,0,0,0,0,,0,0,0,0,0,0,"only 1 run today bc moving furniture day + workout tomorrow",,,0,1143373092,1143373092
63.93416297180138,"2017-08-18 05:41:18","Run","Saucony Kinvara 7 Waterproof","ml",24434,59.7,7592,7007,3.4871,16.9,461.5598592,95.22488448,26.224992,5.4105048,0,0,,0,91.3,140.2,150,2.44,30.7,0,0.0556,,2181.8,0,19,0,1,0,0,0,0,0,0,-1,87.46799612480768,,,,,"",97,278,1387,2828,4495,6025,,,224,456,918,4807,6462,,0,0,0,0,0,0,0,0,0,0,0,0,0,0,0,0,0,0,,0,0,0,0,0,0,"",,,0,1139600360,1139600360
37.651515151515156,"2017-08-17 17:46:16","Run","Saucony Black Iso","evening recovery",8264.4,31.7,2821,2555,3.2346,9.2,497.6091648,174.93569280000003,28.273247999999995,9.939528000000001,0,0,,0,89.2,124.3,150,3.84,44.7,0,0.0582,,738.2,0,3,0,1,0,0,0,0,0,0,-1,45.45454545454546,,,,,"",114,304,1655,,,,,,243,499,1013,,,,0,0,0,0,0,0,0,0,0,0,0,0,0,0,0,0,0,0,,0,0,0,0,0,0,"",,,0,1138989541,1138989541
38.082566665515365,"2017-08-17 06:06:55","Run","Saucony Black Iso","Morning Recovery",11799.5,31.6,3785,3602,3.2758,13.8,491.33272320000003,116.61306624,27.916632,6.625742399999999,0,0,,0,89.8,122.5,132,2.68,31.6,0,0.0598,,1052.3,0,11,0,1,0,0,0,0,0,0,-1,62.33082706766918,,,,,"",63,241,1553,3216,,,,,177,443,993,,,,0,0,0,0,0,0,0,0,0,0,0,0,0,0,0,0,0,0,,0,0,0,0,0,0,"",,,0,1138010073,1138010073
58.15964105439476,"2017-08-16 17:14:49","Run","Saucony kinvara 6","lt run",18175.5,36.7,5775,4815,3.7748,11.6,426.3152256000001,138.74154624,24.222456,7.883042399999999,0,0,,0,83.6,143.8,169,2.02,27.4,0,0.0587,,1621.2,0,13,1,1,0,0,0,0,0,0,-1,97.2313354676499,,,,,"",88,228,1386,2916,4534,,,,184,381,764,5074,,,0,0,0,0,0,0,0,0,0,0,0,0,0,0,0,0,0,0,,0,0,0,0,0,0,"2 mi, 1 mi, 2 mi",,,0,1137390652,1137390652
61.224277112275445,"2017-08-15 05:57:57","Run","Saucony Black Iso","Ml",19693.9,41,6017,5563,3.5402,22.3,454.63968,72.16298496,25.831799999999998,4.1001696,0,0,,0,90.8,135.4,147,2.08,26.5,0,0.0585,,1758.2,0,14,0,1,0,0,0,0,0,0,-1,84.51122532479455,,,,,"",85,256,1380,2980,4511,,,,199,449,911,4825,,,0,0,0,0,0,0,0,0,0,0,0,0,0,0,0,0,0,0,,0,0,0,0,0,0,"",,,0,1134651628,1134651628
7.941888619854721,"2017-08-14 17:38:13","Run","Saucony Kinvara 7 Waterproof","evening outdoor recovery",4835.8,17.6,1758,1507,3.2089,8.6,501.4715904,187.13452032,28.492704,10.632643199999999,0,0,,0,89.2,113.1,124,3.64,42,0,0.0635,,431,0,2,0,1,0,0,0,0,0,0,-1,10.169491525423728,,,,,"",105,327,,,,,,,252,548,1140,,,,0,0,0,0,0,0,0,0,0,0,0,0,0,0,0,0,0,0,,0,0,0,0,0,0,"",,,0,1133887353,1133887353
0,"2017-08-14 13:17:58","Run","Saucony Black Iso","indoor lunch Recovery",3219.6,0,1004,1004,3.2068,3.4,501.79345920000003,473.34025728,28.510992,26.894332799999997,0,0,,0,88.6,118.9,124,0,0,0,0.0603,,287.1,0,0,0,1,0,0,0,1,0,0,-1,0,,,,,"",,,,,,,,,,,,,,,0,0,0,0,0,0,0,0,0,0,0,0,0,0,0,0,0,0,,0,0,0,0,0,0,"",,,0,1133887123,1133887123
0,"2017-08-14 07:56:57","Run","Saucony Black Iso","indoor morning recovery",3220.5,0,1084,1084,2.9709,3.3,541.7051904,487.6795123200001,30.778704,27.709063200000003,0,0,,0,88.5,,0,0,0,0,0,,287.2,0,0,0,1,0,0,0,1,0,0,-1,0,,,,,"",,,,,,,,,,,,,,,0,0,0,0,0,0,0,0,0,0,0,0,0,0,0,0,0,0,,0,0,0,0,0,0,"",,,0,1133887055,1133887055
52.389162005253525,"2017-08-13 17:29:06","Run","adidas Red Adistars","long run",32711.5,154.5,10569,9513,3.4386,9,467.99723520000003,178.81421184,26.590752,10.1598984,0,0,,0,91.1,133.3,147,4.72,58.5,0,0.0577,,3073.9,0,24,1,1,0,0,0,0,0,0,-1,85.03247834570564,,,,,"",99,272,1400,2998,4616,6256,9666,,218,443,892,4984,6640,,0,0,0,0,0,0,0,0,0,0,0,0,0,0,0,0,0,0,,0,0,0,0,0,0,"",,,0,1132551037,1132551037
0,"2017-08-12 18:14:14","Run","Saucony Kinvara 7 Waterproof","GA with some strides",17709.4,161.9,5642,5061,3.4992,5.4,459.9505152,298.03441536,26.133551999999998,16.9337736,0,0,,0,90.4,134.2,163,9.14,115.2,0,0.0583,,1587.3,0,0,0,1,0,0,0,0,0,0,-1,0,,,,,"",98,258,1524,3081,4704,,,,206,431,889,5051,,,0,0,0,0,0,0,0,0,0,0,0,0,0,0,0,0,0,0,,0,0,0,0,0,0,"",,,0,1132550317,1132550317
17.562045442480226,"2017-08-11 06:28:51","Run","adidas Red Adistars","Morning Recovery",8051.7,23.1,2803,2662,3.0247,5.9,532.0491264,272.76771456,30.230064,15.4981656,0,0,,0,89.7,150.5,186,2.87,31.2,0,0.045,,754.4,0,4,0,1,0,0,0,0,0,0,-1,25,,,,,"",123,313,1636,,,,,,250,509,1048,,,,0,0,0,0,0,0,0,0,0,0,0,0,0,0,0,0,0,0,,0,0,0,0,0,0,"",,,0,1128043408,1128043408
51.514745996745255,"2017-08-10 17:54:35","Run","adidas Red Adistars","middle long",24146.7,158.2,7849,7021,3.4392,5.9,467.99723520000003,272.76771456,26.590752,15.4981656,0,0,,0,90.7,139.4,151,6.55,81.1,0,0.0552,,2293.5,0,13,1,1,0,0,0,0,0,0,-1,84.92063492063492,,,,,"",104,274,1432,3028,4844,6434,,,217,451,909,5162,6823,,0,0,0,0,0,0,0,0,0,0,0,0,0,0,0,0,0,0,,0,0,0,0,0,0,"random vertical trail climb at halfway, really gotta get this done in the mornin",,,0,1127507389,1127507389
10,"2017-08-09 18:18:47","Run","Saucony kinvara 6","Evening recovery",7032.9,20.7,2488,2108,3.3363,14.2,482.3203968,113.33000448,27.404568,6.4392048,0,0,,0,88.9,113.6,126,2.94,35.4,0,0.0657,,659.4,0,1,0,1,0,0,0,0,0,0,-1,10,,,,,"",95,318,1799,,,,,,258,535,1116,,,,0,0,0,0,0,0,0,0,0,0,0,0,0,0,0,0,0,0,,0,0,0,0,0,0,"",,,0,1125845122,1125845122
39.46099922872836,"2017-08-09 06:37:28","Run","Saucony kinvara 6","Morning Recovery",11576.8,29,3749,3595,3.2203,10.1,499.70131200000003,159.34114944,28.39212,9.0534744,0,0,,0,90.3,121.7,131,2.51,29,0,0.0592,,1085,0,11,1,1,0,0,0,0,0,0,-1,67.8028404344194,,,,,"",84,291,1590,3230,,,,,228,498,1008,,,,0,0,0,0,0,0,0,0,0,0,0,0,0,0,0,0,0,0,,0,0,0,0,0,0,"",,,0,1124850693,1124850693
64.73106661637706,"2017-08-08 17:17:53","Run","adidas Red Adistars","mild fatigue middle long run",21289.9,55.6,6439,5996,3.5507,11.7,453.19127040000006,137.55063168,25.749504,7.8153768,0,0,,0,90,112.3,144,2.61,33.4,0,0.0707,,1995,0,17,0,1,0,0,0,0,0,0,-1,86.90223176680767,,,,,"",73,263,1436,2953,4446,6055,,,200,445,913,4766,6354,,0,0,0,0,0,0,0,0,0,0,0,0,0,0,0,0,0,0,,0,0,0,0,0,0,"with 12*100m strides",,,0,1124165364,1124165364
28.917898914099425,"2017-08-07 17:46:41","Run","Saucony kinvara 6","Afternoon Recovery",11265.2,27.4,3914,3676,3.0645,7.6,525.1289472,211.75748352000002,29.836871999999996,12.0316752,0,0,,0,89.6,115.3,125,2.43,26.8,0,0.0595,,1056.2,0,9,0,1,0,0,0,0,0,0,-1,40.142364106988786,,,,,"",110,308,1640,3418,,,,,245,500,1021,,,,0,0,0,0,0,0,0,0,0,0,0,0,0,0,0,0,0,0,,0,0,0,0,0,0,"",,,0,1124162321,1124162321
0,"2017-08-07 06:37:33","Run","Saucony kinvara 6","Morning Recovery to move car",6263.6,37.6,2502,2074,3.0201,15.5,532.8537984000001,103.83487487999999,30.275783999999998,5.899708799999999,0,0,,0,88.7,111.9,123,6,65.3,0,0.0604,,589.6,0,0,0,1,0,0,0,0,0,0,-1,0,,,,,"",98,328,1903,,,,,,263,546,1117,,,,0,0,0,0,0,0,0,0,0,0,0,0,0,0,0,0,0,0,,0,0,0,0,0,0,"",,,0,1121572675,1121572675
0,"2017-08-06 16:13:33","Run","Saucony kinvara 6","rec that turned into a GE",19318.2,2.2,5959,5677,3.4029,4.4,472.9862016,365.75561088,26.874216,20.7815688,0,0,,0,91.4,135.9,150,0.11,1.4,0,0.056,,1809,0,0,0,1,0,0,0,0,0,0,-1,0,,,,,"",104,268,1432,2991,4526,,,,215,441,903,5012,,,0,0,0,0,0,0,0,0,0,0,0,0,0,0,0,0,0,0,,0,0,0,0,0,0,"since late for dinner",,,0,1121572260,1121572260
56.36429522337395,"2017-08-05 06:49:32","Run","adidas Red Adistars","long run",28972.7,82.6,9481,8135,3.5615,5.6,451.9037952,287.38055808,25.676351999999998,16.3284408,0,0,,0,90.8,136.8,152,2.85,36.6,0,0.0582,,2711.9,0,21,1,1,0,0,0,0,0,0,-1,87.73054439166971,,,,,"",100,259,1406,2986,4735,6354,,,206,418,896,5098,6703,,0,0,0,0,0,0,0,0,0,0,0,0,0,0,0,0,0,0,,0,0,0,0,0,0,"2 mi warmup 11 mi normal 2.75 mi fast finish 2 mi cooldown + strides",,,0,1118431440,1118431440
59.43004369431635,"2017-08-04 06:33:46","Run","Saucony kinvara 6","taking it easy GA",14860.8,34.7,4543,4210,3.5299,11.3,455.9271552,142.426944,25.904951999999998,8.09244,0,0,,0,90.4,131.9,142,2.34,29.7,0,0.0599,,1392.4,0,11,0,2,0,0,0,0,0,0,-1,86.33885650250349,,,,,"",97,281,1469,3013,,,,,222,455,946,,,,0,0,0,0,0,0,0,0,0,0,0,0,0,0,0,0,0,0,,0,0,0,0,0,0,"",,,0,1116732854,1116732854
69.51661190548037,"2017-08-03 05:46:06","Run","adidas Red Adistars","middle long",22878,77,6829,6465,3.5387,11.4,454.80061440000003,141.17165568000001,25.840944,8.0211168,0,0,,0,90.1,138.6,148,3.37,42.9,0,0.0571,,2146.7,0,17,0,1,0,0,0,0,0,0,-1,90.71633849427518,,,,,"",105,274,1396,2860,4451,5873,,,215,448,902,4760,6239,,0,0,0,0,0,0,0,0,0,0,0,0,0,0,0,0,0,0,,0,0,0,0,0,0,"only 1 planned break to refill water",,,0,1115199855,1115199855
0,"2017-08-02 17:10:55","Run","Saucony kinvara 6","treadmill recovery",6451.7,0,1984,1984,3.2519,3.6,494.87328,447.04357632000006,28.1178,25.400203200000004,0,0,,0,89,110.4,121,0,0,0,0.0659,,604.1,0,0,0,1,0,0,0,1,0,0,-1,0,,,,,"",,,,,,,,,,,,,,,0,0,0,0,0,0,0,0,0,0,0,0,0,0,0,0,0,0,,0,0,0,0,0,0,"",,,0,1114505959,1114505959
32.56152309859069,"2017-08-02 06:29:27","Run","Saucony kinvara 6","Morning Recovery",11573.1,31.5,3749,3588,3.2255,10.1,498.89664,159.34114944,28.3464,9.0534744,0,0,,0,90,130.4,185,2.72,31.6,0,0.0553,,1083.9,0,11,1,1,0,0,0,0,0,0,-1,51.12068167083449,,,,,"",107,309,1559,3217,,,,,248,500,1011,,,,0,0,0,0,0,0,0,0,0,0,0,0,0,0,0,0,0,0,,0,0,0,0,0,0,"",,,0,1114505898,1114505898
42.717132759053065,"2017-08-01 17:28:13","Run","adidas Red Adistars","4 mi tempo intervals",13038.9,30.5,4183,3438,3.7926,7.1,424.3840128,226.67610240000002,24.112727999999997,12.879324,0,0,,0,82.1,140.3,164,2.34,31.9,0,0.0605,,1222.4,0,11,0,1,0,0,0,0,0,0,-1,72.22141030325173,,,,,"",85,228,1398,3136,,,,,181,374,851,,,,0,0,0,0,0,0,0,0,0,0,0,0,0,0,0,0,0,0,,0,0,0,0,0,0,"fatigued legs, 4*1 mi tempo, thought 3rd mile was 4th, went too hard, painful/broken up final mile",,,0,1112918759,1112918759
12.893462469733656,"2017-08-01 07:11:46","Run","Saucony kinvara 6","Morning recovery",4837.1,16.6,1568,1446,3.3452,16.5,481.0329216,97.54233984,27.331416,5.542178399999999,0,0,,0,90.3,121.2,135,3.43,41.3,0,0.0617,,453.7,0,2,0,1,0,0,0,0,0,0,-1,18.64406779661017,,,,,"",102,286,,,,,,,232,504,1037,,,,0,0,0,0,0,0,0,0,0,0,0,0,0,0,0,0,0,0,,0,0,0,0,0,0,"",,,0,1112918376,1112918376
52.388173536142986,"2017-07-31 17:34:45","Run","adidas Red Adistars","Afternoon Run",19313.1,51.9,6263,5577,3.463,5.3,464.7785472,303.65102592,26.407872,17.252899199999998,0,0,,0,90,137.2,147,2.69,33.5,0,0.0565,,1812,0,17,0,1,0,0,0,0,0,0,-1,83.63913646990065,,,,,"",106,277,1476,3167,4761,,,,222,454,945,5125,,,0,0,0,0,0,0,0,0,0,0,0,0,0,0,0,0,0,0,,0,0,0,0,0,0,"",,,0,1111245510,1111245510
38.59148436020081,"2017-07-29 11:41:30","Run","adidas Red Adistars","mp long run",27372.8,125.5,8884,7417,3.6905,7,436.13222400000006,229.91088384,24.780240000000003,13.063118399999999,0,0,,0,86.8,142.1,161,4.58,60.9,0,0.0581,,2575.2,0,19,1,1,0,0,0,0,0,0,-1,83.65381511144224,,,,,"",92,239,1422,3051,4661,6229,,,191,417,865,5042,6651,,0,0,0,0,0,0,0,0,0,0,0,0,0,0,0,0,0,0,,0,0,0,0,0,0,"",,,0,1107519757,1107519757
0,"2017-07-28 07:28:54","Run","adidas Red Adistars","Morning Run",6446.2,0,2168,2168,2.9733,3.7,541.2223872,434.95740288,30.751271999999997,24.7134888,0,0,,0,89.3,114.4,129,0,0,0,0.0581,,603.6,0,0,0,1,0,0,0,1,0,0,-1,0,,,,,"",,,,,,,,,,,,,,,0,0,0,0,0,0,0,0,0,0,0,0,0,0,0,0,0,0,,0,0,0,0,0,0,"",,,0,1105628092,1105628092
70.94289060873022,"2017-07-27 17:11:55","Run","adidas Red Adistars","fatigued legs medium long",21116.3,74.3,6785,5857,3.6053,12.5,446.4320256,128.74752,25.365456,7.3152,0,0,,0,90.9,139.8,152,3.52,45.7,0,0.0577,,1983.4,0,17,0,1,0,0,0,0,0,0,-1,92.922090231637,,,,,"",101,264,1446,3046,4616,6411,,,211,437,900,4945,6780,,0,0,0,0,0,0,0,0,0,0,0,0,0,0,0,0,0,0,,0,0,0,0,0,0,"",,,0,1104799551,1104799551
60.61174136281038,"2017-07-26 17:15:35","Run","Saucony kinvara 6","general aerobic",18362.5,39.4,5548,4931,3.7239,13.9,432.10886400000004,115.77620736000002,24.551640000000003,6.5781936000000005,0,0,,0,91.2,133.9,147,2.15,28.8,0,0.0622,,1721.7,0,12,0,1,0,0,0,0,0,0,-1,84.95603159296505,,,,,"",85,274,1433,2951,4558,,,,190,445,903,4929,,,0,0,0,0,0,0,0,0,0,0,0,0,0,0,0,0,0,0,,0,0,0,0,0,0,"",,,0,1103323265,1103323265
42.10847663455913,"2017-07-25 18:13:33","Run","Saucony kinvara 6","shoulda been a double recovery",16104.6,46.5,5906,5066,3.179,6.7,506.2996224,240.194592,28.767024,13.647419999999999,0,0,,0,90.2,,0,2.89,33,0,0,,1510.5,0,9,0,1,0,0,0,0,0,0,-1,55.07071681131469,,,,,"",109,294,1639,3335,5532,,,,232,484,1000,5902,,,0,0,0,0,0,0,0,0,0,0,0,0,0,0,0,0,0,0,,0,0,0,0,0,0,"",,,0,1101751209,1101751209
55.049516496296164,"2017-07-24 17:28:16","Run","adidas Red Adistars","late long run",26206.8,173.9,8762,7346,3.5675,10.1,451.0991232,159.34114944,25.630632,9.0534744,0,0,,0,90.8,140.7,157,6.64,85.2,0,0.0567,,2486.8,0,14,0,1,0,0,0,0,0,0,-1,88.66441496446348,,,,,"",91,258,1435,3096,4775,6629,,,197,433,895,5137,6990,,0,0,0,0,0,0,0,0,0,0,0,0,0,0,0,0,0,0,,0,0,0,0,0,0,"",,,0,1101750881,1101750881
50,"2017-07-22 13:03:42","Run","adidas Red Adistars","absolute death general aerobic in VA",12878.7,45.3,4528,3793,3.3954,4.5,473.95180799999997,357.62842368,26.92908,20.3197968,0,0,,0,91.3,140.9,157,3.52,43,0,0.0539,,1208.9,0,2,2,1,0,0,0,0,0,0,-1,50,,,,,"",107,283,1587,3402,,,,,220,460,950,,,,0,0,0,0,0,0,0,0,0,0,0,0,0,0,0,0,0,0,,0,0,0,0,0,0,"",,,0,1101750390,1101750390
0,"2017-07-21 18:13:04","Run","Saucony kinvara 6","Evening treadmill recovery",4833,0,1573,1573,3.0725,3.4,523.8414720000001,473.34025728,29.76372,26.894332799999997,0,0,,0,89.8,111.6,119,0,0,0,0.0616,,452.5,0,0,0,1,0,0,0,1,0,0,-1,0,,,,,"",,,,,,,,,,,,,,,0,0,0,0,0,0,0,0,0,0,0,0,0,0,0,0,0,0,,0,0,0,0,0,0,"",,,0,1101750308,1101750308
18.181818181818183,"2017-07-21 06:28:52","Run","Saucony kinvara 6","Morning Recovery",6454.1,32.1,2262,2090,3.0881,5.4,521.1055872,298.03441536,29.608271999999996,16.9337736,0,0,,0,90.8,121.7,134,4.97,55.3,0,0.0568,,607,0,1,0,1,0,0,0,0,0,0,-1,18.181818181818183,,,,,"",119,318,1713,,,,,,255,519,1057,,,,0,0,0,0,0,0,0,0,0,0,0,0,0,0,0,0,0,0,,0,0,0,0,0,0,"",,,0,1094171791,1094171791
58.10558626654145,"2017-07-20 17:17:36","Run","Saucony kinvara 6","first general aerobic + strides",16098.5,36.4,5272,4514,3.5663,7,451.2600576,229.91088384,25.639775999999998,13.063118399999999,0,0,,0,90.9,149,160,2.26,29,0,0.0535,,1510,0,13,0,1,0,0,0,0,0,0,-1,83.90056418271095,,,,,"",104,276,1483,3120,4762,,,,219,452,918,5269,,,0,0,0,0,0,0,0,0,0,0,0,0,0,0,0,0,0,0,,0,0,0,0,0,0,"missed 2-3 strides bc forgot",,,0,1093608968,1093608968
0,"2017-07-19 17:46:39","Run","adidas Red Adistars","evening 2nd recovery on treadmill",6439.3,0,2120,2120,3.0374,3.5,529.7960448,459.80567424000003,30.102048,26.1253224,0,0,,0,87.4,112.6,143,0,0,0,0.0603,,602.9,0,0,0,1,0,0,0,1,0,0,-1,0,,,,,"",,,,,,,,,,,,,,,0,0,0,0,0,0,0,0,0,0,0,0,0,0,0,0,0,0,,0,0,0,0,0,0,"",,,0,1093608482,1093608482
29.908612732444084,"2017-07-19 06:40:41","Run","Saucony kinvara 6","painful recovery Run",9660.5,31.5,3315,3123,3.0933,6.5,520.3009152,247.59757439999998,29.562551999999997,14.068043999999999,0,0,,0,91.1,126.7,137,3.26,36.3,0,0.0546,,907.3,0,5,0,1,0,0,0,0,0,0,-1,45.762711864406775,,,,,"",120,308,1651,,,,,,245,502,1022,,,,0,0,0,0,0,0,0,0,0,0,0,0,0,0,0,0,0,0,,0,0,0,0,0,0,"",,,0,1091103144,1091103144
46.11489813246268,"2017-07-18 17:31:23","Run","adidas Red Adistars","Tempo run turned into tempo intervals",17781.5,38.9,5906,4911,3.6207,12.7,444.5008128,126.71974656,25.255727999999998,7.199985600000001,0,0,,0,82,146.2,166,2.19,28.5,0,0.0554,,1667.8,0,13,0,1,0,0,0,0,0,0,-1,74.29093376481028,,,,,"",90,236,1472,3264,4971,,,,189,441,936,5325,,,0,0,0,0,0,0,0,0,0,0,0,0,0,0,0,0,0,0,,0,0,0,0,0,0,"chill out when guy when hot out",,,0,1090412249,1090412249
23.98432871490066,"2017-07-17 17:25:48","Run","adidas Red Adistars","Afternoon Run",19835.5,44,6505,5700,3.4799,9.8,462.5254656,164.21746176000002,26.279856,9.3305376,0,0,,0,90.2,133.5,144,2.22,27.8,0,0.0583,,1861.1,0,9,0,1,0,0,0,0,0,0,-1,50.5866280938605,,,,,"",81,275,1531,3218,4915,,,,204,467,939,5270,,,0,0,0,0,0,0,0,0,0,0,0,0,0,0,0,0,0,0,,0,0,0,0,0,0,"",,,0,1088710772,1088710772
25.497824730810727,"2017-07-16 17:11:46","Run","Saucony kinvara 6","shoulda been a double",16483.9,38.1,5735,5214,3.1615,9.6,509.03550720000004,167.64536448,28.922472000000003,9.525304799999999,0,0,,0,89,,0,2.31,26.3,0,0,,1546.4,0,10,0,1,0,0,0,0,0,0,-1,46.20967966380006,,,,,"",116,309,1654,3418,5203,,,,242,505,1034,5602,,,0,0,0,0,0,0,0,0,0,0,0,0,0,0,0,0,0,0,,0,0,0,0,0,0,"",,,0,1088710224,1088710224
50.40461121157324,"2017-07-15 07:12:37","Run","adidas Red Adistars","forgot watch and water bottle",25753.2,219,8580,7114,3.6201,5.7,444.5008128,282.34331136000003,25.255727999999998,16.0422336,0,0,,0,0,,0,8.5,110.8,0,0,,2428.4,0,4,0,1,0,0,0,0,0,0,-1,65,,,,,"",93,239,1457,2994,4812,6550,,,191,423,883,5169,6972,,0,0,0,0,0,0,0,0,0,0,0,0,0,0,0,0,0,0,,0,0,0,0,0,0,"",,,0,1084439138,1084439138
75.24498696853293,"2017-07-14 17:29:56","Run","Saucony kinvara 6","rainy run",16098.7,35.3,4984,4629,3.4778,10.8,462.6864,149.00916096,26.288999999999998,8.4664296,0,0,,0,90.4,137.6,150,2.19,27.5,0,0.0565,,1510.5,0,10,0,1,0,0,0,0,0,0,-1,92.37378350882908,,,,,"",96,280,1422,2973,4582,,,,221,453,910,4979,,,0,0,0,0,0,0,0,0,0,0,0,0,0,0,0,0,0,0,,0,0,0,0,0,0,"",,,0,1083583253,1083583253
51.77588234927248,"2017-07-13 06:11:11","Run","Saucony kinvara 6","horrifically awfully hot/humid/tired",17711,40.9,5889,5183,3.4171,4.8,470.8940544000001,335.27463552,26.755344,19.0496952,0,0,,0,91.3,140.2,150,2.31,28.4,0,0.0545,,1662.3,0,13,0,1,0,0,0,0,0,0,-1,86.12527769728581,,,,,"",108,278,1484,3089,4842,,,,222,457,946,5298,,,0,0,0,0,0,0,0,0,0,0,0,0,0,0,0,0,0,0,,0,0,0,0,0,0,"",,,0,1081290510,1081290510